 0.00000000e+00  1.09999100e+00  0.00000000e+00  1.09996400e+00  0.00000000e+00  1.09994000e+00  0.00000000e+00  1.09993979e+00 
 1.00000000e-12  1.09999100e+00  1.00000000e-12  1.09996400e+00  1.00000000e-12  1.09994000e+00  1.00000000e-12  1.09993979e+00 
 2.00000000e-12  1.09999100e+00  2.00000000e-12  1.09996400e+00  2.00000000e-12  1.09994000e+00  2.00000000e-12  1.09993979e+00 
 4.00000000e-12  1.09999100e+00  4.00000000e-12  1.09996400e+00  4.00000000e-12  1.09994000e+00  4.00000000e-12  1.09993979e+00 
 8.00000000e-12  1.09999100e+00  8.00000000e-12  1.09996400e+00  8.00000000e-12  1.09994000e+00  8.00000000e-12  1.09993979e+00 
 1.60000000e-11  1.09999100e+00  1.60000000e-11  1.09996400e+00  1.60000000e-11  1.09994000e+00  1.60000000e-11  1.09993979e+00 
 3.20000000e-11  1.09999100e+00  3.20000000e-11  1.09996400e+00  3.20000000e-11  1.09994000e+00  3.20000000e-11  1.09993979e+00 
 6.40000000e-11  1.09999100e+00  6.40000000e-11  1.09996400e+00  6.40000000e-11  1.09994000e+00  6.40000000e-11  1.09993979e+00 
 1.28000000e-10  1.09999100e+00  1.28000000e-10  1.09996400e+00  1.28000000e-10  1.09994000e+00  1.28000000e-10  1.09993979e+00 
 2.28000000e-10  1.09999100e+00  2.28000000e-10  1.09996400e+00  2.28000000e-10  1.09994000e+00  2.28000000e-10  1.09993979e+00 
 3.28000000e-10  1.09999100e+00  3.28000000e-10  1.09996400e+00  3.28000000e-10  1.09994000e+00  3.28000000e-10  1.09993979e+00 
 4.28000000e-10  1.09999100e+00  4.28000000e-10  1.09996400e+00  4.28000000e-10  1.09994000e+00  4.28000000e-10  1.09993979e+00 
 5.28000000e-10  1.09999100e+00  5.28000000e-10  1.09996400e+00  5.28000000e-10  1.09994000e+00  5.28000000e-10  1.09993979e+00 
 6.28000000e-10  1.09999100e+00  6.28000000e-10  1.09996400e+00  6.28000000e-10  1.09994000e+00  6.28000000e-10  1.09993979e+00 
 7.28000000e-10  1.09999100e+00  7.28000000e-10  1.09996400e+00  7.28000000e-10  1.09994000e+00  7.28000000e-10  1.09993979e+00 
 8.28000000e-10  1.09999100e+00  8.28000000e-10  1.09996400e+00  8.28000000e-10  1.09994000e+00  8.28000000e-10  1.09993979e+00 
 9.28000000e-10  1.09999100e+00  9.28000000e-10  1.09996400e+00  9.28000000e-10  1.09994000e+00  9.28000000e-10  1.09993979e+00 
 1.02800000e-09  1.09999100e+00  1.02800000e-09  1.09996400e+00  1.02800000e-09  1.09994000e+00  1.02800000e-09  1.09993979e+00 
 1.12800000e-09  1.09999100e+00  1.12800000e-09  1.09996400e+00  1.12800000e-09  1.09994000e+00  1.12800000e-09  1.09993979e+00 
 1.22800000e-09  1.09999100e+00  1.22800000e-09  1.09996400e+00  1.22800000e-09  1.09994000e+00  1.22800000e-09  1.09993979e+00 
 1.32800000e-09  1.09999100e+00  1.32800000e-09  1.09996400e+00  1.32800000e-09  1.09994000e+00  1.32800000e-09  1.09993979e+00 
 1.42800000e-09  1.09999100e+00  1.42800000e-09  1.09996400e+00  1.42800000e-09  1.09994000e+00  1.42800000e-09  1.09993979e+00 
 1.52800000e-09  1.09999100e+00  1.52800000e-09  1.09996400e+00  1.52800000e-09  1.09994000e+00  1.52800000e-09  1.09993979e+00 
 1.62800000e-09  1.09999100e+00  1.62800000e-09  1.09996400e+00  1.62800000e-09  1.09994000e+00  1.62800000e-09  1.09993979e+00 
 1.72800000e-09  1.09999100e+00  1.72800000e-09  1.09996400e+00  1.72800000e-09  1.09994000e+00  1.72800000e-09  1.09993979e+00 
 1.82800000e-09  1.09999100e+00  1.82800000e-09  1.09996400e+00  1.82800000e-09  1.09994000e+00  1.82800000e-09  1.09993979e+00 
 1.92800000e-09  1.09999100e+00  1.92800000e-09  1.09996400e+00  1.92800000e-09  1.09994000e+00  1.92800000e-09  1.09993979e+00 
 2.02800000e-09  1.09999100e+00  2.02800000e-09  1.09996400e+00  2.02800000e-09  1.09994000e+00  2.02800000e-09  1.09993979e+00 
 2.12800000e-09  1.09999100e+00  2.12800000e-09  1.09996400e+00  2.12800000e-09  1.09994000e+00  2.12800000e-09  1.09993979e+00 
 2.22800000e-09  1.09999100e+00  2.22800000e-09  1.09996400e+00  2.22800000e-09  1.09994000e+00  2.22800000e-09  1.09993979e+00 
 2.32800000e-09  1.09999100e+00  2.32800000e-09  1.09996400e+00  2.32800000e-09  1.09994000e+00  2.32800000e-09  1.09993979e+00 
 2.42800000e-09  1.09999100e+00  2.42800000e-09  1.09996400e+00  2.42800000e-09  1.09994000e+00  2.42800000e-09  1.09993979e+00 
 2.52800000e-09  1.09999100e+00  2.52800000e-09  1.09996400e+00  2.52800000e-09  1.09994000e+00  2.52800000e-09  1.09993979e+00 
 2.62800000e-09  1.09999100e+00  2.62800000e-09  1.09996400e+00  2.62800000e-09  1.09994000e+00  2.62800000e-09  1.09993979e+00 
 2.72800000e-09  1.09999100e+00  2.72800000e-09  1.09996400e+00  2.72800000e-09  1.09994000e+00  2.72800000e-09  1.09993979e+00 
 2.82800000e-09  1.09999100e+00  2.82800000e-09  1.09996400e+00  2.82800000e-09  1.09994000e+00  2.82800000e-09  1.09993979e+00 
 2.92800000e-09  1.09999100e+00  2.92800000e-09  1.09996400e+00  2.92800000e-09  1.09994000e+00  2.92800000e-09  1.09993979e+00 
 3.02800000e-09  1.09999100e+00  3.02800000e-09  1.09996400e+00  3.02800000e-09  1.09994000e+00  3.02800000e-09  1.09993979e+00 
 3.12800000e-09  1.09999100e+00  3.12800000e-09  1.09996400e+00  3.12800000e-09  1.09994000e+00  3.12800000e-09  1.09993979e+00 
 3.22800000e-09  1.09999100e+00  3.22800000e-09  1.09996400e+00  3.22800000e-09  1.09994000e+00  3.22800000e-09  1.09993979e+00 
 3.32800000e-09  1.09999100e+00  3.32800000e-09  1.09996400e+00  3.32800000e-09  1.09994000e+00  3.32800000e-09  1.09993979e+00 
 3.42800000e-09  1.09999100e+00  3.42800000e-09  1.09996400e+00  3.42800000e-09  1.09994000e+00  3.42800000e-09  1.09993979e+00 
 3.52800000e-09  1.09999100e+00  3.52800000e-09  1.09996400e+00  3.52800000e-09  1.09994000e+00  3.52800000e-09  1.09993979e+00 
 3.62800000e-09  1.09999100e+00  3.62800000e-09  1.09996400e+00  3.62800000e-09  1.09994000e+00  3.62800000e-09  1.09993979e+00 
 3.72800000e-09  1.09999100e+00  3.72800000e-09  1.09996400e+00  3.72800000e-09  1.09994000e+00  3.72800000e-09  1.09993979e+00 
 3.82800000e-09  1.09999100e+00  3.82800000e-09  1.09996400e+00  3.82800000e-09  1.09994000e+00  3.82800000e-09  1.09993979e+00 
 3.92800000e-09  1.09999100e+00  3.92800000e-09  1.09996400e+00  3.92800000e-09  1.09994000e+00  3.92800000e-09  1.09993979e+00 
 4.02800000e-09  1.09999100e+00  4.02800000e-09  1.09996400e+00  4.02800000e-09  1.09994000e+00  4.02800000e-09  1.09993979e+00 
 4.12800000e-09  1.09999100e+00  4.12800000e-09  1.09996400e+00  4.12800000e-09  1.09994000e+00  4.12800000e-09  1.09993979e+00 
 4.22800000e-09  1.09999100e+00  4.22800000e-09  1.09996400e+00  4.22800000e-09  1.09994000e+00  4.22800000e-09  1.09993979e+00 
 4.32800000e-09  1.09999100e+00  4.32800000e-09  1.09996400e+00  4.32800000e-09  1.09994000e+00  4.32800000e-09  1.09993979e+00 
 4.42800000e-09  1.09999100e+00  4.42800000e-09  1.09996400e+00  4.42800000e-09  1.09994000e+00  4.42800000e-09  1.09993979e+00 
 4.52800000e-09  1.09999100e+00  4.52800000e-09  1.09996400e+00  4.52800000e-09  1.09994000e+00  4.52800000e-09  1.09993979e+00 
 4.62800000e-09  1.09999100e+00  4.62800000e-09  1.09996400e+00  4.62800000e-09  1.09994000e+00  4.62800000e-09  1.09993979e+00 
 4.72800000e-09  1.09999100e+00  4.72800000e-09  1.09996400e+00  4.72800000e-09  1.09994000e+00  4.72800000e-09  1.09993979e+00 
 4.82800000e-09  1.09999100e+00  4.82800000e-09  1.09996400e+00  4.82800000e-09  1.09994000e+00  4.82800000e-09  1.09993979e+00 
 4.92800000e-09  1.09999100e+00  4.92800000e-09  1.09996400e+00  4.92800000e-09  1.09994000e+00  4.92800000e-09  1.09993979e+00 
 5.02800000e-09  1.09999100e+00  5.02800000e-09  1.09996400e+00  5.02800000e-09  1.09994000e+00  5.02800000e-09  1.09993979e+00 
 5.12800000e-09  1.09999100e+00  5.12800000e-09  1.09996400e+00  5.12800000e-09  1.09994000e+00  5.12800000e-09  1.09993979e+00 
 5.22800000e-09  1.09999100e+00  5.22800000e-09  1.09996400e+00  5.22800000e-09  1.09994000e+00  5.22800000e-09  1.09993979e+00 
 5.32800000e-09  1.09999100e+00  5.32800000e-09  1.09996400e+00  5.32800000e-09  1.09994000e+00  5.32800000e-09  1.09993979e+00 
 5.42800000e-09  1.09999100e+00  5.42800000e-09  1.09996400e+00  5.42800000e-09  1.09994000e+00  5.42800000e-09  1.09993979e+00 
 5.52800000e-09  1.09999100e+00  5.52800000e-09  1.09996400e+00  5.52800000e-09  1.09994000e+00  5.52800000e-09  1.09993979e+00 
 5.62800000e-09  1.09999100e+00  5.62800000e-09  1.09996400e+00  5.62800000e-09  1.09994000e+00  5.62800000e-09  1.09993979e+00 
 5.72800000e-09  1.09999100e+00  5.72800000e-09  1.09996400e+00  5.72800000e-09  1.09994000e+00  5.72800000e-09  1.09993979e+00 
 5.82800000e-09  1.09999100e+00  5.82800000e-09  1.09996400e+00  5.82800000e-09  1.09994000e+00  5.82800000e-09  1.09993979e+00 
 5.92800000e-09  1.09999100e+00  5.92800000e-09  1.09996400e+00  5.92800000e-09  1.09994000e+00  5.92800000e-09  1.09993979e+00 
 6.02800000e-09  1.09999100e+00  6.02800000e-09  1.09996400e+00  6.02800000e-09  1.09994000e+00  6.02800000e-09  1.09993979e+00 
 6.12800000e-09  1.09999100e+00  6.12800000e-09  1.09996400e+00  6.12800000e-09  1.09994000e+00  6.12800000e-09  1.09993979e+00 
 6.22800000e-09  1.09999100e+00  6.22800000e-09  1.09996400e+00  6.22800000e-09  1.09994000e+00  6.22800000e-09  1.09993979e+00 
 6.32800000e-09  1.09999100e+00  6.32800000e-09  1.09996400e+00  6.32800000e-09  1.09994000e+00  6.32800000e-09  1.09993979e+00 
 6.42800000e-09  1.09999100e+00  6.42800000e-09  1.09996400e+00  6.42800000e-09  1.09994000e+00  6.42800000e-09  1.09993979e+00 
 6.52800000e-09  1.09999100e+00  6.52800000e-09  1.09996400e+00  6.52800000e-09  1.09994000e+00  6.52800000e-09  1.09993979e+00 
 6.62800000e-09  1.09999100e+00  6.62800000e-09  1.09996400e+00  6.62800000e-09  1.09994000e+00  6.62800000e-09  1.09993979e+00 
 6.72800000e-09  1.09999100e+00  6.72800000e-09  1.09996400e+00  6.72800000e-09  1.09994000e+00  6.72800000e-09  1.09993979e+00 
 6.82800000e-09  1.09999100e+00  6.82800000e-09  1.09996400e+00  6.82800000e-09  1.09994000e+00  6.82800000e-09  1.09993979e+00 
 6.92800000e-09  1.09999100e+00  6.92800000e-09  1.09996400e+00  6.92800000e-09  1.09994000e+00  6.92800000e-09  1.09993979e+00 
 7.02800000e-09  1.09999100e+00  7.02800000e-09  1.09996400e+00  7.02800000e-09  1.09994000e+00  7.02800000e-09  1.09993979e+00 
 7.12800000e-09  1.09999100e+00  7.12800000e-09  1.09996400e+00  7.12800000e-09  1.09994000e+00  7.12800000e-09  1.09993979e+00 
 7.22800000e-09  1.09999100e+00  7.22800000e-09  1.09996400e+00  7.22800000e-09  1.09994000e+00  7.22800000e-09  1.09993979e+00 
 7.32800000e-09  1.09999100e+00  7.32800000e-09  1.09996400e+00  7.32800000e-09  1.09994000e+00  7.32800000e-09  1.09993979e+00 
 7.42800000e-09  1.09999100e+00  7.42800000e-09  1.09996400e+00  7.42800000e-09  1.09994000e+00  7.42800000e-09  1.09993979e+00 
 7.52800000e-09  1.09999100e+00  7.52800000e-09  1.09996400e+00  7.52800000e-09  1.09994000e+00  7.52800000e-09  1.09993979e+00 
 7.62800000e-09  1.09999100e+00  7.62800000e-09  1.09996400e+00  7.62800000e-09  1.09994000e+00  7.62800000e-09  1.09993979e+00 
 7.72800000e-09  1.09999100e+00  7.72800000e-09  1.09996400e+00  7.72800000e-09  1.09994000e+00  7.72800000e-09  1.09993979e+00 
 7.82800000e-09  1.09999100e+00  7.82800000e-09  1.09996400e+00  7.82800000e-09  1.09994000e+00  7.82800000e-09  1.09993979e+00 
 7.92800000e-09  1.09999100e+00  7.92800000e-09  1.09996400e+00  7.92800000e-09  1.09994000e+00  7.92800000e-09  1.09993979e+00 
 8.02800000e-09  1.09999100e+00  8.02800000e-09  1.09996400e+00  8.02800000e-09  1.09994000e+00  8.02800000e-09  1.09993979e+00 
 8.12800000e-09  1.09999100e+00  8.12800000e-09  1.09996400e+00  8.12800000e-09  1.09994000e+00  8.12800000e-09  1.09993979e+00 
 8.22800000e-09  1.09999100e+00  8.22800000e-09  1.09996400e+00  8.22800000e-09  1.09994000e+00  8.22800000e-09  1.09993979e+00 
 8.32800000e-09  1.09999100e+00  8.32800000e-09  1.09996400e+00  8.32800000e-09  1.09994000e+00  8.32800000e-09  1.09993979e+00 
 8.42800000e-09  1.09999100e+00  8.42800000e-09  1.09996400e+00  8.42800000e-09  1.09994000e+00  8.42800000e-09  1.09993979e+00 
 8.52800000e-09  1.09999100e+00  8.52800000e-09  1.09996400e+00  8.52800000e-09  1.09994000e+00  8.52800000e-09  1.09993979e+00 
 8.62800000e-09  1.09999100e+00  8.62800000e-09  1.09996400e+00  8.62800000e-09  1.09994000e+00  8.62800000e-09  1.09993979e+00 
 8.72800000e-09  1.09999100e+00  8.72800000e-09  1.09996400e+00  8.72800000e-09  1.09994000e+00  8.72800000e-09  1.09993979e+00 
 8.82800000e-09  1.09999100e+00  8.82800000e-09  1.09996400e+00  8.82800000e-09  1.09994000e+00  8.82800000e-09  1.09993979e+00 
 8.92800000e-09  1.09999100e+00  8.92800000e-09  1.09996400e+00  8.92800000e-09  1.09994000e+00  8.92800000e-09  1.09993979e+00 
 9.02800000e-09  1.09999100e+00  9.02800000e-09  1.09996400e+00  9.02800000e-09  1.09994000e+00  9.02800000e-09  1.09993979e+00 
 9.12800000e-09  1.09999100e+00  9.12800000e-09  1.09996400e+00  9.12800000e-09  1.09994000e+00  9.12800000e-09  1.09993979e+00 
 9.22800000e-09  1.09999100e+00  9.22800000e-09  1.09996400e+00  9.22800000e-09  1.09994000e+00  9.22800000e-09  1.09993979e+00 
 9.32800000e-09  1.09999100e+00  9.32800000e-09  1.09996400e+00  9.32800000e-09  1.09994000e+00  9.32800000e-09  1.09993979e+00 
 9.42800000e-09  1.09999100e+00  9.42800000e-09  1.09996400e+00  9.42800000e-09  1.09994000e+00  9.42800000e-09  1.09993979e+00 
 9.52800000e-09  1.09999100e+00  9.52800000e-09  1.09996400e+00  9.52800000e-09  1.09994000e+00  9.52800000e-09  1.09993979e+00 
 9.62800000e-09  1.09999100e+00  9.62800000e-09  1.09996400e+00  9.62800000e-09  1.09994000e+00  9.62800000e-09  1.09993979e+00 
 9.72800000e-09  1.09999100e+00  9.72800000e-09  1.09996400e+00  9.72800000e-09  1.09994000e+00  9.72800000e-09  1.09993979e+00 
 9.82800000e-09  1.09999100e+00  9.82800000e-09  1.09996400e+00  9.82800000e-09  1.09994000e+00  9.82800000e-09  1.09993979e+00 
 9.92800000e-09  1.09999100e+00  9.92800000e-09  1.09996400e+00  9.92800000e-09  1.09994000e+00  9.92800000e-09  1.09993979e+00 
 1.00280000e-08  1.09999100e+00  1.00280000e-08  1.09996400e+00  1.00280000e-08  1.09994000e+00  1.00280000e-08  1.09993979e+00 
 1.01280000e-08  1.09999100e+00  1.01280000e-08  1.09996400e+00  1.01280000e-08  1.09994000e+00  1.01280000e-08  1.09993979e+00 
 1.02280000e-08  1.09999100e+00  1.02280000e-08  1.09996400e+00  1.02280000e-08  1.09994000e+00  1.02280000e-08  1.09993979e+00 
 1.03280000e-08  1.09999100e+00  1.03280000e-08  1.09996400e+00  1.03280000e-08  1.09994000e+00  1.03280000e-08  1.09993979e+00 
 1.04280000e-08  1.09999100e+00  1.04280000e-08  1.09996400e+00  1.04280000e-08  1.09994000e+00  1.04280000e-08  1.09993979e+00 
 1.05280000e-08  1.09999100e+00  1.05280000e-08  1.09996400e+00  1.05280000e-08  1.09994000e+00  1.05280000e-08  1.09993979e+00 
 1.06280000e-08  1.09999100e+00  1.06280000e-08  1.09996400e+00  1.06280000e-08  1.09994000e+00  1.06280000e-08  1.09993979e+00 
 1.07280000e-08  1.09999100e+00  1.07280000e-08  1.09996400e+00  1.07280000e-08  1.09994000e+00  1.07280000e-08  1.09993979e+00 
 1.08280000e-08  1.09999100e+00  1.08280000e-08  1.09996400e+00  1.08280000e-08  1.09994000e+00  1.08280000e-08  1.09993979e+00 
 1.09280000e-08  1.09999100e+00  1.09280000e-08  1.09996400e+00  1.09280000e-08  1.09994000e+00  1.09280000e-08  1.09993979e+00 
 1.10280000e-08  1.09999100e+00  1.10280000e-08  1.09996400e+00  1.10280000e-08  1.09994000e+00  1.10280000e-08  1.09993979e+00 
 1.11280000e-08  1.09999100e+00  1.11280000e-08  1.09996400e+00  1.11280000e-08  1.09994000e+00  1.11280000e-08  1.09993979e+00 
 1.12280000e-08  1.09999100e+00  1.12280000e-08  1.09996400e+00  1.12280000e-08  1.09994000e+00  1.12280000e-08  1.09993979e+00 
 1.13280000e-08  1.09999100e+00  1.13280000e-08  1.09996400e+00  1.13280000e-08  1.09994000e+00  1.13280000e-08  1.09993979e+00 
 1.14280000e-08  1.09999100e+00  1.14280000e-08  1.09996400e+00  1.14280000e-08  1.09994000e+00  1.14280000e-08  1.09993979e+00 
 1.15280000e-08  1.09999100e+00  1.15280000e-08  1.09996400e+00  1.15280000e-08  1.09994000e+00  1.15280000e-08  1.09993979e+00 
 1.16280000e-08  1.09999100e+00  1.16280000e-08  1.09996400e+00  1.16280000e-08  1.09994000e+00  1.16280000e-08  1.09993979e+00 
 1.17280000e-08  1.09999100e+00  1.17280000e-08  1.09996400e+00  1.17280000e-08  1.09994000e+00  1.17280000e-08  1.09993979e+00 
 1.18280000e-08  1.09999100e+00  1.18280000e-08  1.09996400e+00  1.18280000e-08  1.09994000e+00  1.18280000e-08  1.09993979e+00 
 1.19280000e-08  1.09999100e+00  1.19280000e-08  1.09996400e+00  1.19280000e-08  1.09994000e+00  1.19280000e-08  1.09993979e+00 
 1.20280000e-08  1.09999100e+00  1.20280000e-08  1.09996400e+00  1.20280000e-08  1.09994000e+00  1.20280000e-08  1.09993979e+00 
 1.21280000e-08  1.09999100e+00  1.21280000e-08  1.09996400e+00  1.21280000e-08  1.09994000e+00  1.21280000e-08  1.09993979e+00 
 1.22280000e-08  1.09999100e+00  1.22280000e-08  1.09996400e+00  1.22280000e-08  1.09994000e+00  1.22280000e-08  1.09993979e+00 
 1.23280000e-08  1.09999100e+00  1.23280000e-08  1.09996400e+00  1.23280000e-08  1.09994000e+00  1.23280000e-08  1.09993979e+00 
 1.24280000e-08  1.09999100e+00  1.24280000e-08  1.09996400e+00  1.24280000e-08  1.09994000e+00  1.24280000e-08  1.09993979e+00 
 1.25280000e-08  1.09999100e+00  1.25280000e-08  1.09996400e+00  1.25280000e-08  1.09994000e+00  1.25280000e-08  1.09993979e+00 
 1.26280000e-08  1.09999100e+00  1.26280000e-08  1.09996400e+00  1.26280000e-08  1.09994000e+00  1.26280000e-08  1.09993979e+00 
 1.27280000e-08  1.09999100e+00  1.27280000e-08  1.09996400e+00  1.27280000e-08  1.09994000e+00  1.27280000e-08  1.09993979e+00 
 1.28280000e-08  1.09999100e+00  1.28280000e-08  1.09996400e+00  1.28280000e-08  1.09994000e+00  1.28280000e-08  1.09993979e+00 
 1.29280000e-08  1.09999100e+00  1.29280000e-08  1.09996400e+00  1.29280000e-08  1.09994000e+00  1.29280000e-08  1.09993979e+00 
 1.30280000e-08  1.09999100e+00  1.30280000e-08  1.09996400e+00  1.30280000e-08  1.09994000e+00  1.30280000e-08  1.09993979e+00 
 1.31280000e-08  1.09999100e+00  1.31280000e-08  1.09996400e+00  1.31280000e-08  1.09994000e+00  1.31280000e-08  1.09993979e+00 
 1.32280000e-08  1.09999100e+00  1.32280000e-08  1.09996400e+00  1.32280000e-08  1.09994000e+00  1.32280000e-08  1.09993979e+00 
 1.33280000e-08  1.09999100e+00  1.33280000e-08  1.09996400e+00  1.33280000e-08  1.09994000e+00  1.33280000e-08  1.09993979e+00 
 1.34280000e-08  1.09999100e+00  1.34280000e-08  1.09996400e+00  1.34280000e-08  1.09994000e+00  1.34280000e-08  1.09993979e+00 
 1.35280000e-08  1.09999100e+00  1.35280000e-08  1.09996400e+00  1.35280000e-08  1.09994000e+00  1.35280000e-08  1.09993979e+00 
 1.36280000e-08  1.09999100e+00  1.36280000e-08  1.09996400e+00  1.36280000e-08  1.09994000e+00  1.36280000e-08  1.09993979e+00 
 1.37280000e-08  1.09999100e+00  1.37280000e-08  1.09996400e+00  1.37280000e-08  1.09994000e+00  1.37280000e-08  1.09993979e+00 
 1.38280000e-08  1.09999100e+00  1.38280000e-08  1.09996400e+00  1.38280000e-08  1.09994000e+00  1.38280000e-08  1.09993979e+00 
 1.39280000e-08  1.09999100e+00  1.39280000e-08  1.09996400e+00  1.39280000e-08  1.09994000e+00  1.39280000e-08  1.09993979e+00 
 1.40280000e-08  1.09999100e+00  1.40280000e-08  1.09996400e+00  1.40280000e-08  1.09994000e+00  1.40280000e-08  1.09993979e+00 
 1.41280000e-08  1.09999100e+00  1.41280000e-08  1.09996400e+00  1.41280000e-08  1.09994000e+00  1.41280000e-08  1.09993979e+00 
 1.42280000e-08  1.09999100e+00  1.42280000e-08  1.09996400e+00  1.42280000e-08  1.09994000e+00  1.42280000e-08  1.09993979e+00 
 1.43280000e-08  1.09999100e+00  1.43280000e-08  1.09996400e+00  1.43280000e-08  1.09994000e+00  1.43280000e-08  1.09993979e+00 
 1.44280000e-08  1.09999100e+00  1.44280000e-08  1.09996400e+00  1.44280000e-08  1.09994000e+00  1.44280000e-08  1.09993979e+00 
 1.45280000e-08  1.09999100e+00  1.45280000e-08  1.09996400e+00  1.45280000e-08  1.09994000e+00  1.45280000e-08  1.09993979e+00 
 1.46280000e-08  1.09999100e+00  1.46280000e-08  1.09996400e+00  1.46280000e-08  1.09994000e+00  1.46280000e-08  1.09993979e+00 
 1.47280000e-08  1.09999100e+00  1.47280000e-08  1.09996400e+00  1.47280000e-08  1.09994000e+00  1.47280000e-08  1.09993979e+00 
 1.48280000e-08  1.09999100e+00  1.48280000e-08  1.09996400e+00  1.48280000e-08  1.09994000e+00  1.48280000e-08  1.09993979e+00 
 1.49280000e-08  1.09999100e+00  1.49280000e-08  1.09996400e+00  1.49280000e-08  1.09994000e+00  1.49280000e-08  1.09993979e+00 
 1.50280000e-08  1.09999100e+00  1.50280000e-08  1.09996400e+00  1.50280000e-08  1.09994000e+00  1.50280000e-08  1.09993979e+00 
 1.51280000e-08  1.09999100e+00  1.51280000e-08  1.09996400e+00  1.51280000e-08  1.09994000e+00  1.51280000e-08  1.09993979e+00 
 1.52280000e-08  1.09999100e+00  1.52280000e-08  1.09996400e+00  1.52280000e-08  1.09994000e+00  1.52280000e-08  1.09993979e+00 
 1.53280000e-08  1.09999100e+00  1.53280000e-08  1.09996400e+00  1.53280000e-08  1.09994000e+00  1.53280000e-08  1.09993979e+00 
 1.54280000e-08  1.09999100e+00  1.54280000e-08  1.09996400e+00  1.54280000e-08  1.09994000e+00  1.54280000e-08  1.09993979e+00 
 1.55280000e-08  1.09999100e+00  1.55280000e-08  1.09996400e+00  1.55280000e-08  1.09994000e+00  1.55280000e-08  1.09993979e+00 
 1.56280000e-08  1.09999100e+00  1.56280000e-08  1.09996400e+00  1.56280000e-08  1.09994000e+00  1.56280000e-08  1.09993979e+00 
 1.57280000e-08  1.09999100e+00  1.57280000e-08  1.09996400e+00  1.57280000e-08  1.09994000e+00  1.57280000e-08  1.09993979e+00 
 1.58280000e-08  1.09999100e+00  1.58280000e-08  1.09996400e+00  1.58280000e-08  1.09994000e+00  1.58280000e-08  1.09993979e+00 
 1.59280000e-08  1.09999100e+00  1.59280000e-08  1.09996400e+00  1.59280000e-08  1.09994000e+00  1.59280000e-08  1.09993979e+00 
 1.60280000e-08  1.09999100e+00  1.60280000e-08  1.09996400e+00  1.60280000e-08  1.09994000e+00  1.60280000e-08  1.09993979e+00 
 1.61280000e-08  1.09999100e+00  1.61280000e-08  1.09996400e+00  1.61280000e-08  1.09994000e+00  1.61280000e-08  1.09993979e+00 
 1.62280000e-08  1.09999100e+00  1.62280000e-08  1.09996400e+00  1.62280000e-08  1.09994000e+00  1.62280000e-08  1.09993979e+00 
 1.63280000e-08  1.09999100e+00  1.63280000e-08  1.09996400e+00  1.63280000e-08  1.09994000e+00  1.63280000e-08  1.09993979e+00 
 1.64280000e-08  1.09999100e+00  1.64280000e-08  1.09996400e+00  1.64280000e-08  1.09994000e+00  1.64280000e-08  1.09993979e+00 
 1.65280000e-08  1.09999100e+00  1.65280000e-08  1.09996400e+00  1.65280000e-08  1.09994000e+00  1.65280000e-08  1.09993979e+00 
 1.66280000e-08  1.09999100e+00  1.66280000e-08  1.09996400e+00  1.66280000e-08  1.09994000e+00  1.66280000e-08  1.09993979e+00 
 1.67280000e-08  1.09999100e+00  1.67280000e-08  1.09996400e+00  1.67280000e-08  1.09994000e+00  1.67280000e-08  1.09993979e+00 
 1.68280000e-08  1.09999100e+00  1.68280000e-08  1.09996400e+00  1.68280000e-08  1.09994000e+00  1.68280000e-08  1.09993979e+00 
 1.69280000e-08  1.09999100e+00  1.69280000e-08  1.09996400e+00  1.69280000e-08  1.09994000e+00  1.69280000e-08  1.09993979e+00 
 1.70280000e-08  1.09999100e+00  1.70280000e-08  1.09996400e+00  1.70280000e-08  1.09994000e+00  1.70280000e-08  1.09993979e+00 
 1.71280000e-08  1.09999100e+00  1.71280000e-08  1.09996400e+00  1.71280000e-08  1.09994000e+00  1.71280000e-08  1.09993979e+00 
 1.72280000e-08  1.09999100e+00  1.72280000e-08  1.09996400e+00  1.72280000e-08  1.09994000e+00  1.72280000e-08  1.09993979e+00 
 1.73280000e-08  1.09999100e+00  1.73280000e-08  1.09996400e+00  1.73280000e-08  1.09994000e+00  1.73280000e-08  1.09993979e+00 
 1.74280000e-08  1.09999100e+00  1.74280000e-08  1.09996400e+00  1.74280000e-08  1.09994000e+00  1.74280000e-08  1.09993979e+00 
 1.75280000e-08  1.09999100e+00  1.75280000e-08  1.09996400e+00  1.75280000e-08  1.09994000e+00  1.75280000e-08  1.09993979e+00 
 1.76280000e-08  1.09999100e+00  1.76280000e-08  1.09996400e+00  1.76280000e-08  1.09994000e+00  1.76280000e-08  1.09993979e+00 
 1.77280000e-08  1.09999100e+00  1.77280000e-08  1.09996400e+00  1.77280000e-08  1.09994000e+00  1.77280000e-08  1.09993979e+00 
 1.78280000e-08  1.09999100e+00  1.78280000e-08  1.09996400e+00  1.78280000e-08  1.09994000e+00  1.78280000e-08  1.09993979e+00 
 1.79280000e-08  1.09999100e+00  1.79280000e-08  1.09996400e+00  1.79280000e-08  1.09994000e+00  1.79280000e-08  1.09993979e+00 
 1.80280000e-08  1.09999100e+00  1.80280000e-08  1.09996400e+00  1.80280000e-08  1.09994000e+00  1.80280000e-08  1.09993979e+00 
 1.81280000e-08  1.09999100e+00  1.81280000e-08  1.09996400e+00  1.81280000e-08  1.09994000e+00  1.81280000e-08  1.09993979e+00 
 1.82280000e-08  1.09999100e+00  1.82280000e-08  1.09996400e+00  1.82280000e-08  1.09994000e+00  1.82280000e-08  1.09993979e+00 
 1.83280000e-08  1.09999100e+00  1.83280000e-08  1.09996400e+00  1.83280000e-08  1.09994000e+00  1.83280000e-08  1.09993979e+00 
 1.84280000e-08  1.09999100e+00  1.84280000e-08  1.09996400e+00  1.84280000e-08  1.09994000e+00  1.84280000e-08  1.09993979e+00 
 1.85280000e-08  1.09999100e+00  1.85280000e-08  1.09996400e+00  1.85280000e-08  1.09994000e+00  1.85280000e-08  1.09993979e+00 
 1.86280000e-08  1.09999100e+00  1.86280000e-08  1.09996400e+00  1.86280000e-08  1.09994000e+00  1.86280000e-08  1.09993979e+00 
 1.87280000e-08  1.09999100e+00  1.87280000e-08  1.09996400e+00  1.87280000e-08  1.09994000e+00  1.87280000e-08  1.09993979e+00 
 1.88280000e-08  1.09999100e+00  1.88280000e-08  1.09996400e+00  1.88280000e-08  1.09994000e+00  1.88280000e-08  1.09993979e+00 
 1.89280000e-08  1.09999100e+00  1.89280000e-08  1.09996400e+00  1.89280000e-08  1.09994000e+00  1.89280000e-08  1.09993979e+00 
 1.90280000e-08  1.09999100e+00  1.90280000e-08  1.09996400e+00  1.90280000e-08  1.09994000e+00  1.90280000e-08  1.09993979e+00 
 1.91280000e-08  1.09999100e+00  1.91280000e-08  1.09996400e+00  1.91280000e-08  1.09994000e+00  1.91280000e-08  1.09993979e+00 
 1.92280000e-08  1.09999100e+00  1.92280000e-08  1.09996400e+00  1.92280000e-08  1.09994000e+00  1.92280000e-08  1.09993979e+00 
 1.93280000e-08  1.09999100e+00  1.93280000e-08  1.09996400e+00  1.93280000e-08  1.09994000e+00  1.93280000e-08  1.09993979e+00 
 1.94280000e-08  1.09999100e+00  1.94280000e-08  1.09996400e+00  1.94280000e-08  1.09994000e+00  1.94280000e-08  1.09993979e+00 
 1.95280000e-08  1.09999100e+00  1.95280000e-08  1.09996400e+00  1.95280000e-08  1.09994000e+00  1.95280000e-08  1.09993979e+00 
 1.96280000e-08  1.09999100e+00  1.96280000e-08  1.09996400e+00  1.96280000e-08  1.09994000e+00  1.96280000e-08  1.09993979e+00 
 1.97280000e-08  1.09999100e+00  1.97280000e-08  1.09996400e+00  1.97280000e-08  1.09994000e+00  1.97280000e-08  1.09993979e+00 
 1.98280000e-08  1.09999100e+00  1.98280000e-08  1.09996400e+00  1.98280000e-08  1.09994000e+00  1.98280000e-08  1.09993979e+00 
 1.99280000e-08  1.09999100e+00  1.99280000e-08  1.09996400e+00  1.99280000e-08  1.09994000e+00  1.99280000e-08  1.09993979e+00 
 2.00000000e-08  1.09999100e+00  2.00000000e-08  1.09996400e+00  2.00000000e-08  1.09994000e+00  2.00000000e-08  1.09993979e+00 
 2.00100000e-08  1.09999100e+00  2.00100000e-08  1.09996400e+00  2.00100000e-08  1.09993991e+00  2.00100000e-08  1.09993908e+00 
 2.00300000e-08  1.09999100e+00  2.00300000e-08  1.09996400e+00  2.00300000e-08  1.09993928e+00  2.00300000e-08  1.09993637e+00 
 2.00700000e-08  1.09999100e+00  2.00700000e-08  1.09996400e+00  2.00700000e-08  1.09993174e+00  2.00700000e-08  1.09992460e+00 
 2.01500000e-08  1.09999100e+00  2.01500000e-08  1.09996393e+00  2.01500000e-08  1.09988310e+00  2.01500000e-08  1.09987923e+00 
 2.02500000e-08  1.09999100e+00  2.02500000e-08  1.09996366e+00  2.02500000e-08  1.09977771e+00  2.02500000e-08  1.09977545e+00 
 2.03500000e-08  1.09999100e+00  2.03500000e-08  1.09996307e+00  2.03500000e-08  1.09962816e+00  2.03500000e-08  1.09961963e+00 
 2.04500000e-08  1.09999100e+00  2.04500000e-08  1.09996203e+00  2.04500000e-08  1.09942351e+00  2.04500000e-08  1.09941991e+00 
 2.05500000e-08  1.09999100e+00  2.05500000e-08  1.09996045e+00  2.05500000e-08  1.09918061e+00  2.05500000e-08  1.09917449e+00 
 2.06500000e-08  1.09999100e+00  2.06500000e-08  1.09995821e+00  2.06500000e-08  1.09889966e+00  2.06500000e-08  1.09888923e+00 
 2.07500000e-08  1.09999100e+00  2.07500000e-08  1.09995522e+00  2.07500000e-08  1.09857759e+00  2.07500000e-08  1.09857224e+00 
 2.08500000e-08  1.09999100e+00  2.08500000e-08  1.09995142e+00  2.08500000e-08  1.09823446e+00  2.08500000e-08  1.09822319e+00 
 2.09500000e-08  1.09999100e+00  2.09500000e-08  1.09994673e+00  2.09500000e-08  1.09786490e+00  2.09500000e-08  1.09785257e+00 
 2.10500000e-08  1.09999100e+00  2.10500000e-08  1.09994111e+00  2.10500000e-08  1.09747562e+00  2.10500000e-08  1.09746654e+00 
 2.11500000e-08  1.09999100e+00  2.11500000e-08  1.09993453e+00  2.11500000e-08  1.09708394e+00  2.11500000e-08  1.09706737e+00 
 2.12500000e-08  1.09999100e+00  2.12500000e-08  1.09992697e+00  2.12500000e-08  1.09668189e+00  2.12500000e-08  1.09666761e+00 
 2.13500000e-08  1.09999100e+00  2.13500000e-08  1.09991844e+00  2.13500000e-08  1.09628477e+00  2.13500000e-08  1.09627053e+00 
 2.14500000e-08  1.09999100e+00  2.14500000e-08  1.09990895e+00  2.14500000e-08  1.09590240e+00  2.14500000e-08  1.09588144e+00 
 2.15500000e-08  1.09999100e+00  2.15500000e-08  1.09989855e+00  2.15500000e-08  1.09552827e+00  2.15500000e-08  1.09551186e+00 
 2.16500000e-08  1.09999100e+00  2.16500000e-08  1.09988728e+00  2.16500000e-08  1.09518218e+00  2.16500000e-08  1.09516232e+00 
 2.17500000e-08  1.09999100e+00  2.17500000e-08  1.09987521e+00  2.17500000e-08  1.09486431e+00  2.17500000e-08  1.09484057e+00 
 2.18500000e-08  1.09999100e+00  2.18500000e-08  1.09986242e+00  2.18500000e-08  1.09457309e+00  2.18500000e-08  1.09455432e+00 
 2.19500000e-08  1.09999100e+00  2.19500000e-08  1.09984898e+00  2.19500000e-08  1.09432710e+00  2.19500000e-08  1.09430236e+00 
 2.20000000e-08  1.09999100e+00  2.20000000e-08  1.09984206e+00  2.20000000e-08  1.09421803e+00  2.20000000e-08  1.09419200e+00 
 2.20100000e-08  1.09999100e+00  2.20100000e-08  1.09984066e+00  2.20100000e-08  1.09419680e+00  2.20100000e-08  1.09417251e+00 
 2.20300000e-08  1.09999100e+00  2.20300000e-08  1.09983784e+00  2.20300000e-08  1.09415560e+00  2.20300000e-08  1.09413573e+00 
 2.20700000e-08  1.09999100e+00  2.20700000e-08  1.09983217e+00  2.20700000e-08  1.09408689e+00  2.20700000e-08  1.09407296e+00 
 2.21500000e-08  1.09999100e+00  2.21500000e-08  1.09982069e+00  2.21500000e-08  1.09401118e+00  2.21500000e-08  1.09398840e+00 
 2.22500000e-08  1.09999100e+00  2.22500000e-08  1.09980626e+00  2.22500000e-08  1.09399702e+00  2.22500000e-08  1.09397402e+00 
 2.23500000e-08  1.09999100e+00  2.23500000e-08  1.09979196e+00  2.23500000e-08  1.09407394e+00  2.23500000e-08  1.09405964e+00 
 2.24500000e-08  1.09999100e+00  2.24500000e-08  1.09977802e+00  2.24500000e-08  1.09425986e+00  2.24500000e-08  1.09423501e+00 
 2.25500000e-08  1.09999100e+00  2.25500000e-08  1.09976469e+00  2.25500000e-08  1.09452460e+00  2.25500000e-08  1.09450676e+00 
 2.26500000e-08  1.09999100e+00  2.26500000e-08  1.09975217e+00  2.26500000e-08  1.09487740e+00  2.26500000e-08  1.09486354e+00 
 2.27500000e-08  1.09999100e+00  2.27500000e-08  1.09974068e+00  2.27500000e-08  1.09531818e+00  2.27500000e-08  1.09529569e+00 
 2.28500000e-08  1.09999100e+00  2.28500000e-08  1.09973040e+00  2.28500000e-08  1.09581496e+00  2.28500000e-08  1.09580438e+00 
 2.29500000e-08  1.09999100e+00  2.29500000e-08  1.09972148e+00  2.29500000e-08  1.09638282e+00  2.29500000e-08  1.09637033e+00 
 2.30500000e-08  1.09999100e+00  2.30500000e-08  1.09971408e+00  2.30500000e-08  1.09700252e+00  2.30500000e-08  1.09698655e+00 
 2.31500000e-08  1.09999100e+00  2.31500000e-08  1.09970828e+00  2.31500000e-08  1.09764991e+00  2.31500000e-08  1.09764687e+00 
 2.32500000e-08  1.09999100e+00  2.32500000e-08  1.09970418e+00  2.32500000e-08  1.09833888e+00  2.32500000e-08  1.09832907e+00 
 2.33500000e-08  1.09999100e+00  2.33500000e-08  1.09970182e+00  2.33500000e-08  1.09903590e+00  2.33500000e-08  1.09902930e+00 
 2.34500000e-08  1.09999100e+00  2.34500000e-08  1.09970122e+00  2.34500000e-08  1.09973086e+00  2.34500000e-08  1.09973413e+00 
 2.35500000e-08  1.09999100e+00  2.35500000e-08  1.09970237e+00  2.35500000e-08  1.10042945e+00  2.35500000e-08  1.10042387e+00 
 2.36500000e-08  1.09999100e+00  2.36500000e-08  1.09970523e+00  2.36500000e-08  1.10109322e+00  2.36500000e-08  1.10109681e+00 
 2.37500000e-08  1.09999100e+00  2.37500000e-08  1.09970971e+00  2.37500000e-08  1.10172720e+00  2.37500000e-08  1.10173460e+00 
 2.38500000e-08  1.09999100e+00  2.38500000e-08  1.09971572e+00  2.38500000e-08  1.10232457e+00  2.38500000e-08  1.10232454e+00 
 2.39500000e-08  1.09999100e+00  2.39500000e-08  1.09972313e+00  2.39500000e-08  1.10285300e+00  2.39500000e-08  1.10286531e+00 
 2.40500000e-08  1.09999100e+00  2.40500000e-08  1.09973178e+00  2.40500000e-08  1.10332861e+00  2.40500000e-08  1.10333776e+00 
 2.41500000e-08  1.09999100e+00  2.41500000e-08  1.09974152e+00  2.41500000e-08  1.10373235e+00  2.41500000e-08  1.10373844e+00 
 2.42500000e-08  1.09999100e+00  2.42500000e-08  1.09975214e+00  2.42500000e-08  1.10404727e+00  2.42500000e-08  1.10406490e+00 
 2.43500000e-08  1.09999100e+00  2.43500000e-08  1.09976343e+00  2.43500000e-08  1.10429311e+00  2.43500000e-08  1.10430207e+00 
 2.44500000e-08  1.09999100e+00  2.44500000e-08  1.09977520e+00  2.44500000e-08  1.10444375e+00  2.44500000e-08  1.10445532e+00 
 2.45500000e-08  1.09999100e+00  2.45500000e-08  1.09978720e+00  2.45500000e-08  1.10450208e+00  2.45500000e-08  1.10452059e+00 
 2.46500000e-08  1.09999100e+00  2.46500000e-08  1.09979923e+00  2.46500000e-08  1.10448356e+00  2.46500000e-08  1.10449109e+00 
 2.47500000e-08  1.09999100e+00  2.47500000e-08  1.09981106e+00  2.47500000e-08  1.10436331e+00  2.47500000e-08  1.10437829e+00 
 2.48500000e-08  1.09999100e+00  2.48500000e-08  1.09982246e+00  2.48500000e-08  1.10416250e+00  2.48500000e-08  1.10417752e+00 
 2.49500000e-08  1.09999100e+00  2.49500000e-08  1.09983324e+00  2.49500000e-08  1.10388681e+00  2.49500000e-08  1.10389236e+00 
 2.50500000e-08  1.09999100e+00  2.50500000e-08  1.09984320e+00  2.50500000e-08  1.10352137e+00  2.50500000e-08  1.10353656e+00 
 2.51500000e-08  1.09999100e+00  2.51500000e-08  1.09985215e+00  2.51500000e-08  1.10309860e+00  2.51500000e-08  1.10310684e+00 
 2.52500000e-08  1.09999100e+00  2.52500000e-08  1.09985994e+00  2.52500000e-08  1.10261320e+00  2.52500000e-08  1.10261660e+00 
 2.53500000e-08  1.09999100e+00  2.53500000e-08  1.09986643e+00  2.53500000e-08  1.10206639e+00  2.53500000e-08  1.10207807e+00 
 2.54500000e-08  1.09999100e+00  2.54500000e-08  1.09987150e+00  2.54500000e-08  1.10149181e+00  2.54500000e-08  1.10149175e+00 
 2.55500000e-08  1.09999100e+00  2.55500000e-08  1.09987508e+00  2.55500000e-08  1.10087652e+00  2.55500000e-08  1.10087765e+00 
 2.56500000e-08  1.09999100e+00  2.56500000e-08  1.09987708e+00  2.56500000e-08  1.10023903e+00  2.56500000e-08  1.10024389e+00 
 2.57500000e-08  1.09999100e+00  2.57500000e-08  1.09987749e+00  2.57500000e-08  1.09960432e+00  2.57500000e-08  1.09959641e+00 
 2.58500000e-08  1.09999100e+00  2.58500000e-08  1.09987630e+00  2.58500000e-08  1.09895835e+00  2.58500000e-08  1.09895683e+00 
 2.59500000e-08  1.09999100e+00  2.59500000e-08  1.09987352e+00  2.59500000e-08  1.09833245e+00  2.59500000e-08  1.09832848e+00 
 2.60500000e-08  1.09999100e+00  2.60500000e-08  1.09986923e+00  2.60500000e-08  1.09773651e+00  2.60500000e-08  1.09772278e+00 
 2.61500000e-08  1.09999100e+00  2.61500000e-08  1.09986349e+00  2.61500000e-08  1.09716238e+00  2.61500000e-08  1.09715762e+00 
 2.62500000e-08  1.09999100e+00  2.62500000e-08  1.09985640e+00  2.62500000e-08  1.09664547e+00  2.62500000e-08  1.09663256e+00 
 2.63500000e-08  1.09999100e+00  2.63500000e-08  1.09984810e+00  2.63500000e-08  1.09617928e+00  2.63500000e-08  1.09616262e+00 
 2.64500000e-08  1.09999100e+00  2.64500000e-08  1.09983873e+00  2.64500000e-08  1.09576639e+00  2.64500000e-08  1.09575781e+00 
 2.65500000e-08  1.09999100e+00  2.65500000e-08  1.09982845e+00  2.65500000e-08  1.09543586e+00  2.65500000e-08  1.09541596e+00 
 2.66500000e-08  1.09999100e+00  2.66500000e-08  1.09981746e+00  2.66500000e-08  1.09516887e+00  2.66500000e-08  1.09515222e+00 
 2.67500000e-08  1.09999100e+00  2.67500000e-08  1.09980593e+00  2.67500000e-08  1.09497934e+00  2.67500000e-08  1.09496680e+00 
 2.68500000e-08  1.09999100e+00  2.68500000e-08  1.09979407e+00  2.68500000e-08  1.09488122e+00  2.68500000e-08  1.09485792e+00 
 2.69500000e-08  1.09999100e+00  2.69500000e-08  1.09978208e+00  2.69500000e-08  1.09485111e+00  2.69500000e-08  1.09483670e+00 
 2.70500000e-08  1.09999100e+00  2.70500000e-08  1.09977016e+00  2.70500000e-08  1.09491019e+00  2.70500000e-08  1.09489440e+00 
 2.71500000e-08  1.09999100e+00  2.71500000e-08  1.09975853e+00  2.71500000e-08  1.09505316e+00  2.71500000e-08  1.09503082e+00 
 2.72500000e-08  1.09999100e+00  2.72500000e-08  1.09974737e+00  2.72500000e-08  1.09526047e+00  2.72500000e-08  1.09524951e+00 
 2.73500000e-08  1.09999100e+00  2.73500000e-08  1.09973687e+00  2.73500000e-08  1.09555322e+00  2.73500000e-08  1.09553591e+00 
 2.74500000e-08  1.09999100e+00  2.74500000e-08  1.09972721e+00  2.74500000e-08  1.09590856e+00  2.74500000e-08  1.09589122e+00 
 2.75500000e-08  1.09999100e+00  2.75500000e-08  1.09971853e+00  2.75500000e-08  1.09631703e+00  2.75500000e-08  1.09630972e+00 
 2.76500000e-08  1.09999100e+00  2.76500000e-08  1.09971098e+00  2.76500000e-08  1.09679158e+00  2.76500000e-08  1.09677532e+00 
 2.77500000e-08  1.09999100e+00  2.77500000e-08  1.09970468e+00  2.77500000e-08  1.09729880e+00  2.77500000e-08  1.09728922e+00 
 2.78500000e-08  1.09999100e+00  2.78500000e-08  1.09969972e+00  2.78500000e-08  1.09784136e+00  2.78500000e-08  1.09783721e+00 
 2.79500000e-08  1.09999100e+00  2.79500000e-08  1.09969617e+00  2.79500000e-08  1.09841814e+00  2.79500000e-08  1.09840585e+00 
 2.80500000e-08  1.09999100e+00  2.80500000e-08  1.09969408e+00  2.80500000e-08  1.09899525e+00  2.80500000e-08  1.09899428e+00 
 2.81500000e-08  1.09999100e+00  2.81500000e-08  1.09969346e+00  2.81500000e-08  1.09958472e+00  2.81500000e-08  1.09958306e+00 
 2.82500000e-08  1.09999100e+00  2.82500000e-08  1.09969431e+00  2.82500000e-08  1.10017000e+00  2.82500000e-08  1.10016416e+00 
 2.83500000e-08  1.09999100e+00  2.83500000e-08  1.09969659e+00  2.83500000e-08  1.10072652e+00  2.83500000e-08  1.10073305e+00 
 2.84500000e-08  1.09999100e+00  2.84500000e-08  1.09970025e+00  2.84500000e-08  1.10126950e+00  2.84500000e-08  1.10126983e+00 
 2.85500000e-08  1.09999100e+00  2.85500000e-08  1.09970520e+00  2.85500000e-08  1.10177079e+00  2.85500000e-08  1.10177269e+00 
 2.86500000e-08  1.09999100e+00  2.86500000e-08  1.09971134e+00  2.86500000e-08  1.10222167e+00  2.86500000e-08  1.10223303e+00 
 2.87500000e-08  1.09999100e+00  2.87500000e-08  1.09971855e+00  2.87500000e-08  1.10263335e+00  2.87500000e-08  1.10263553e+00 
 2.88500000e-08  1.09999100e+00  2.88500000e-08  1.09972668e+00  2.88500000e-08  1.10297411e+00  2.88500000e-08  1.10298334e+00 
 2.89500000e-08  1.09999100e+00  2.89500000e-08  1.09973557e+00  2.89500000e-08  1.10325237e+00  2.89500000e-08  1.10326518e+00 
 2.90500000e-08  1.09999100e+00  2.90500000e-08  1.09974506e+00  2.90500000e-08  1.10346994e+00  2.90500000e-08  1.10347402e+00 
 2.91500000e-08  1.09999100e+00  2.91500000e-08  1.09975497e+00  2.91500000e-08  1.10360121e+00  2.91500000e-08  1.10361559e+00 
 2.92500000e-08  1.09999100e+00  2.92500000e-08  1.09976510e+00  2.92500000e-08  1.10366759e+00  2.92500000e-08  1.10367864e+00 
 2.93500000e-08  1.09999100e+00  2.93500000e-08  1.09977528e+00  2.93500000e-08  1.10366003e+00  2.93500000e-08  1.10366600e+00 
 2.94500000e-08  1.09999100e+00  2.94500000e-08  1.09978531e+00  2.94500000e-08  1.10356720e+00  2.94500000e-08  1.10358321e+00 
 2.95500000e-08  1.09999100e+00  2.95500000e-08  1.09979502e+00  2.95500000e-08  1.10341559e+00  2.95500000e-08  1.10342261e+00 
 2.96500000e-08  1.09999100e+00  2.96500000e-08  1.09980423e+00  2.96500000e-08  1.10318826e+00  2.96500000e-08  1.10319559e+00 
 2.97500000e-08  1.09999100e+00  2.97500000e-08  1.09981277e+00  2.97500000e-08  1.10289213e+00  2.97500000e-08  1.10290574e+00 
 2.98500000e-08  1.09999100e+00  2.98500000e-08  1.09982048e+00  2.98500000e-08  1.10254987e+00  2.98500000e-08  1.10255189e+00 
 2.99500000e-08  1.09999100e+00  2.99500000e-08  1.09982725e+00  2.99500000e-08  1.10214314e+00  2.99500000e-08  1.10215062e+00 
 3.00500000e-08  1.09999100e+00  3.00500000e-08  1.09983293e+00  3.00500000e-08  1.10169541e+00  3.00500000e-08  1.10170308e+00 
 3.01500000e-08  1.09999100e+00  3.01500000e-08  1.09983744e+00  3.01500000e-08  1.10121869e+00  3.01500000e-08  1.10121601e+00 
 3.02500000e-08  1.09999100e+00  3.02500000e-08  1.09984070e+00  3.02500000e-08  1.10070083e+00  3.02500000e-08  1.10070660e+00 
 3.03500000e-08  1.09999100e+00  3.03500000e-08  1.09984265e+00  3.03500000e-08  1.10017499e+00  3.03500000e-08  1.10017457e+00 
 3.04500000e-08  1.09999100e+00  3.04500000e-08  1.09984326e+00  3.04500000e-08  1.09963993e+00  3.04500000e-08  1.09963371e+00 
 3.05500000e-08  1.09999100e+00  3.05500000e-08  1.09984253e+00  3.05500000e-08  1.09909553e+00  3.05500000e-08  1.09909750e+00 
 3.06500000e-08  1.09999100e+00  3.06500000e-08  1.09984047e+00  3.06500000e-08  1.09857480e+00  3.06500000e-08  1.09856606e+00 
 3.07500000e-08  1.09999100e+00  3.07500000e-08  1.09983713e+00  3.07500000e-08  1.09806556e+00  3.07500000e-08  1.09805723e+00 
 3.08500000e-08  1.09999100e+00  3.08500000e-08  1.09983256e+00  3.08500000e-08  1.09758148e+00  3.08500000e-08  1.09757791e+00 
 3.09500000e-08  1.09999100e+00  3.09500000e-08  1.09982685e+00  3.09500000e-08  1.09714581e+00  3.09500000e-08  1.09713044e+00 
 3.10500000e-08  1.09999100e+00  3.10500000e-08  1.09982010e+00  3.10500000e-08  1.09674146e+00  3.10500000e-08  1.09673222e+00 
 3.11500000e-08  1.09999100e+00  3.11500000e-08  1.09981244e+00  3.11500000e-08  1.09639280e+00  3.11500000e-08  1.09638295e+00 
 3.12500000e-08  1.09999100e+00  3.12500000e-08  1.09980400e+00  3.12500000e-08  1.09610686e+00  3.12500000e-08  1.09608794e+00 
 3.13500000e-08  1.09999100e+00  3.13500000e-08  1.09979493e+00  3.13500000e-08  1.09586909e+00  3.13500000e-08  1.09585961e+00 
 3.14500000e-08  1.09999100e+00  3.14500000e-08  1.09978538e+00  3.14500000e-08  1.09570735e+00  3.14500000e-08  1.09569193e+00 
 3.15500000e-08  1.09999100e+00  3.15500000e-08  1.09977554e+00  3.15500000e-08  1.09561128e+00  3.15500000e-08  1.09559245e+00 
 3.16500000e-08  1.09999100e+00  3.16500000e-08  1.09976556e+00  3.16500000e-08  1.09557482e+00  3.16500000e-08  1.09556530e+00 
 3.17500000e-08  1.09999100e+00  3.17500000e-08  1.09975562e+00  3.17500000e-08  1.09562040e+00  3.17500000e-08  1.09560156e+00 
 3.18500000e-08  1.09999100e+00  3.18500000e-08  1.09974589e+00  3.18500000e-08  1.09572445e+00  3.18500000e-08  1.09570894e+00 
 3.19500000e-08  1.09999100e+00  3.19500000e-08  1.09973653e+00  3.19500000e-08  1.09589178e+00  3.19500000e-08  1.09588218e+00 
 3.20500000e-08  1.09999100e+00  3.20500000e-08  1.09972771e+00  3.20500000e-08  1.09613168e+00  3.20500000e-08  1.09611265e+00 
 3.21500000e-08  1.09999100e+00  3.21500000e-08  1.09971956e+00  3.21500000e-08  1.09641544e+00  3.21500000e-08  1.09640536e+00 
 3.22500000e-08  1.09999100e+00  3.22500000e-08  1.09971222e+00  3.22500000e-08  1.09675666e+00  3.22500000e-08  1.09674714e+00 
 3.23500000e-08  1.09999100e+00  3.23500000e-08  1.09970582e+00  3.23500000e-08  1.09714769e+00  3.23500000e-08  1.09713202e+00 
 3.24500000e-08  1.09999100e+00  3.24500000e-08  1.09970045e+00  3.24500000e-08  1.09756389e+00  3.24500000e-08  1.09755980e+00 
 3.25500000e-08  1.09999100e+00  3.25500000e-08  1.09969618e+00  3.25500000e-08  1.09802182e+00  3.25500000e-08  1.09801297e+00 
 3.26500000e-08  1.09999100e+00  3.26500000e-08  1.09969310e+00  3.26500000e-08  1.09849850e+00  3.26500000e-08  1.09848913e+00 
 3.27500000e-08  1.09999100e+00  3.27500000e-08  1.09969123e+00  3.27500000e-08  1.09898054e+00  3.27500000e-08  1.09898160e+00 
 3.28500000e-08  1.09999100e+00  3.28500000e-08  1.09969059e+00  3.28500000e-08  1.09948029e+00  3.28500000e-08  1.09947322e+00 
 3.29500000e-08  1.09999100e+00  3.29500000e-08  1.09969119e+00  3.29500000e-08  1.09996592e+00  3.29500000e-08  1.09996439e+00 
 3.30500000e-08  1.09999100e+00  3.30500000e-08  1.09969299e+00  3.30500000e-08  1.10043829e+00  3.30500000e-08  1.10044271e+00 
 3.31500000e-08  1.09999100e+00  3.31500000e-08  1.09969596e+00  3.31500000e-08  1.10089958e+00  3.31500000e-08  1.10089564e+00 
 3.32500000e-08  1.09999100e+00  3.32500000e-08  1.09970002e+00  3.32500000e-08  1.10131858e+00  3.32500000e-08  1.10132459e+00 
 3.33500000e-08  1.09999100e+00  3.33500000e-08  1.09970508e+00  3.33500000e-08  1.10170835e+00  3.33500000e-08  1.10171409e+00 
 3.34500000e-08  1.09999100e+00  3.34500000e-08  1.09971107e+00  3.34500000e-08  1.10205866e+00  3.34500000e-08  1.10205898e+00 
 3.35500000e-08  1.09999100e+00  3.35500000e-08  1.09971783e+00  3.35500000e-08  1.10234816e+00  3.35500000e-08  1.10235963e+00 
 3.36500000e-08  1.09999100e+00  3.36500000e-08  1.09972526e+00  3.36500000e-08  1.10259615e+00  3.36500000e-08  1.10260150e+00 
 3.37500000e-08  1.09999100e+00  3.37500000e-08  1.09973321e+00  3.37500000e-08  1.10278226e+00  3.37500000e-08  1.10278723e+00 
 3.38500000e-08  1.09999100e+00  3.38500000e-08  1.09974153e+00  3.38500000e-08  1.10290128e+00  3.38500000e-08  1.10291490e+00 
 3.39500000e-08  1.09999100e+00  3.39500000e-08  1.09975006e+00  3.39500000e-08  1.10297099e+00  3.39500000e-08  1.10297496e+00 
 3.40500000e-08  1.09999100e+00  3.40500000e-08  1.09975866e+00  3.40500000e-08  1.10296726e+00  3.40500000e-08  1.10297611e+00 
 3.41500000e-08  1.09999100e+00  3.41500000e-08  1.09976715e+00  3.41500000e-08  1.10290209e+00  3.41500000e-08  1.10291422e+00 
 3.42500000e-08  1.09999100e+00  3.42500000e-08  1.09977540e+00  3.42500000e-08  1.10278526e+00  3.42500000e-08  1.10278761e+00 
 3.43500000e-08  1.09999100e+00  3.43500000e-08  1.09978324e+00  3.43500000e-08  1.10259702e+00  3.43500000e-08  1.10260782e+00 
 3.44500000e-08  1.09999100e+00  3.44500000e-08  1.09979054e+00  3.44500000e-08  1.10236242e+00  3.44500000e-08  1.10236998e+00 
 3.45500000e-08  1.09999100e+00  3.45500000e-08  1.09979717e+00  3.45500000e-08  1.10208008e+00  3.45500000e-08  1.10208108e+00 
 3.46500000e-08  1.09999100e+00  3.46500000e-08  1.09980301e+00  3.46500000e-08  1.10174196e+00  3.46500000e-08  1.10175192e+00 
 3.47500000e-08  1.09999100e+00  3.47500000e-08  1.09980796e+00  3.47500000e-08  1.10137800e+00  3.47500000e-08  1.10137923e+00 
 3.48500000e-08  1.09999100e+00  3.48500000e-08  1.09981194e+00  3.48500000e-08  1.10097704e+00  3.48500000e-08  1.10097703e+00 
 3.49500000e-08  1.09999100e+00  3.49500000e-08  1.09981488e+00  3.49500000e-08  1.10054645e+00  3.49500000e-08  1.10055262e+00 
 3.50500000e-08  1.09999100e+00  3.50500000e-08  1.09981672e+00  3.50500000e-08  1.10011181e+00  3.50500000e-08  1.10010660e+00 
 3.51500000e-08  1.09999100e+00  3.51500000e-08  1.09981745e+00  3.51500000e-08  1.09965735e+00  3.51500000e-08  1.09965638e+00 
 3.52500000e-08  1.09999100e+00  3.52500000e-08  1.09981705e+00  3.52500000e-08  1.09920459e+00  3.52500000e-08  1.09920463e+00 
 3.53500000e-08  1.09999100e+00  3.53500000e-08  1.09981553e+00  3.53500000e-08  1.09876732e+00  3.53500000e-08  1.09875703e+00 
 3.54500000e-08  1.09999100e+00  3.54500000e-08  1.09981293e+00  3.54500000e-08  1.09833216e+00  3.54500000e-08  1.09832983e+00 
 3.55500000e-08  1.09999100e+00  3.55500000e-08  1.09980929e+00  3.55500000e-08  1.09792876e+00  3.55500000e-08  1.09792167e+00 
 3.56500000e-08  1.09999100e+00  3.56500000e-08  1.09980468e+00  3.56500000e-08  1.09755591e+00  3.56500000e-08  1.09754285e+00 
 3.57500000e-08  1.09999100e+00  3.57500000e-08  1.09979919e+00  3.57500000e-08  1.09720874e+00  3.57500000e-08  1.09720432e+00 
 3.58500000e-08  1.09999100e+00  3.58500000e-08  1.09979292e+00  3.58500000e-08  1.09691614e+00  3.58500000e-08  1.09690262e+00 
 3.59500000e-08  1.09999100e+00  3.59500000e-08  1.09978598e+00  3.59500000e-08  1.09666375e+00  3.59500000e-08  1.09665043e+00 
 3.60500000e-08  1.09999100e+00  3.60500000e-08  1.09977848e+00  3.60500000e-08  1.09645811e+00  3.60500000e-08  1.09645088e+00 
 3.61500000e-08  1.09999100e+00  3.61500000e-08  1.09977058e+00  3.61500000e-08  1.09631844e+00  3.61500000e-08  1.09630076e+00 
 3.62500000e-08  1.09999100e+00  3.62500000e-08  1.09976240e+00  3.62500000e-08  1.09622327e+00  3.62500000e-08  1.09621170e+00 
 3.63500000e-08  1.09999100e+00  3.63500000e-08  1.09975408e+00  3.63500000e-08  1.09618905e+00  3.63500000e-08  1.09617879e+00 
 3.64500000e-08  1.09999100e+00  3.64500000e-08  1.09974578e+00  3.64500000e-08  1.09621935e+00  3.64500000e-08  1.09620082e+00 
 3.65500000e-08  1.09999100e+00  3.65500000e-08  1.09973763e+00  3.65500000e-08  1.09629355e+00  3.65500000e-08  1.09628482e+00 
 3.66500000e-08  1.09999100e+00  3.66500000e-08  1.09972977e+00  3.66500000e-08  1.09643250e+00  3.66500000e-08  1.09641985e+00 
 3.67500000e-08  1.09999100e+00  3.67500000e-08  1.09972235e+00  3.67500000e-08  1.09662309e+00  3.67500000e-08  1.09660720e+00 
 3.68500000e-08  1.09999100e+00  3.68500000e-08  1.09971547e+00  3.68500000e-08  1.09685255e+00  3.68500000e-08  1.09684676e+00 
 3.69500000e-08  1.09999100e+00  3.69500000e-08  1.09970925e+00  3.69500000e-08  1.09713859e+00  3.69500000e-08  1.09712510e+00 
 3.70500000e-08  1.09999100e+00  3.70500000e-08  1.09970381e+00  3.70500000e-08  1.09745554e+00  3.70500000e-08  1.09744505e+00 
 3.71500000e-08  1.09999100e+00  3.71500000e-08  1.09969921e+00  3.71500000e-08  1.09780224e+00  3.71500000e-08  1.09779878e+00 
 3.72500000e-08  1.09999100e+00  3.72500000e-08  1.09969554e+00  3.72500000e-08  1.09818631e+00  3.72500000e-08  1.09817421e+00 
 3.73500000e-08  1.09999100e+00  3.73500000e-08  1.09969285e+00  3.73500000e-08  1.09857752e+00  3.73500000e-08  1.09857376e+00 
 3.74500000e-08  1.09999100e+00  3.74500000e-08  1.09969117e+00  3.74500000e-08  1.09898556e+00  3.74500000e-08  1.09898354e+00 
 3.75500000e-08  1.09999100e+00  3.75500000e-08  1.09969053e+00  3.75500000e-08  1.09940415e+00  3.75500000e-08  1.09939580e+00 
 3.76500000e-08  1.09999100e+00  3.76500000e-08  1.09969092e+00  3.76500000e-08  1.09980777e+00  3.76500000e-08  1.09981042e+00 
 3.77500000e-08  1.09999100e+00  3.77500000e-08  1.09969233e+00  3.77500000e-08  1.10021218e+00  3.77500000e-08  1.10021096e+00 
 3.78500000e-08  1.09999100e+00  3.78500000e-08  1.09969472e+00  3.78500000e-08  1.10059810e+00  3.78500000e-08  1.10059526e+00 
 3.79500000e-08  1.09999100e+00  3.79500000e-08  1.09969803e+00  3.79500000e-08  1.10095210e+00  3.79500000e-08  1.10095935e+00 
 3.80500000e-08  1.09999100e+00  3.80500000e-08  1.09970220e+00  3.80500000e-08  1.10128917e+00  3.80500000e-08  1.10128854e+00 
 3.81500000e-08  1.09999100e+00  3.81500000e-08  1.09970714e+00  3.81500000e-08  1.10158241e+00  3.81500000e-08  1.10158567e+00 
 3.82500000e-08  1.09999100e+00  3.82500000e-08  1.09971276e+00  3.82500000e-08  1.10183383e+00  3.82500000e-08  1.10184298e+00 
 3.83500000e-08  1.09999100e+00  3.83500000e-08  1.09971896e+00  3.83500000e-08  1.10205123e+00  3.83500000e-08  1.10205146e+00 
 3.84500000e-08  1.09999100e+00  3.84500000e-08  1.09972560e+00  3.84500000e-08  1.10220836e+00  3.84500000e-08  1.10221680e+00 
 3.85500000e-08  1.09999100e+00  3.85500000e-08  1.09973257e+00  3.85500000e-08  1.10232094e+00  3.85500000e-08  1.10232922e+00 
 3.86500000e-08  1.09999100e+00  3.86500000e-08  1.09973975e+00  3.86500000e-08  1.10238605e+00  3.86500000e-08  1.10238760e+00 
 3.87500000e-08  1.09999100e+00  3.87500000e-08  1.09974699e+00  3.87500000e-08  1.10238653e+00  3.87500000e-08  1.10239785e+00 
 3.88500000e-08  1.09999100e+00  3.88500000e-08  1.09975416e+00  3.88500000e-08  1.10234574e+00  3.88500000e-08  1.10235101e+00 
 3.89500000e-08  1.09999100e+00  3.89500000e-08  1.09976115e+00  3.89500000e-08  1.10225076e+00  3.89500000e-08  1.10225389e+00 
 3.90500000e-08  1.09999100e+00  3.90500000e-08  1.09976781e+00  3.90500000e-08  1.10209927e+00  3.90500000e-08  1.10211033e+00 
 3.91500000e-08  1.09999100e+00  3.91500000e-08  1.09977404e+00  3.91500000e-08  1.10191410e+00  3.91500000e-08  1.10191535e+00 
 3.92500000e-08  1.09999100e+00  3.92500000e-08  1.09977972e+00  3.92500000e-08  1.10167707e+00  3.92500000e-08  1.10168142e+00 
 3.93500000e-08  1.09999100e+00  3.93500000e-08  1.09978475e+00  3.93500000e-08  1.10140175e+00  3.93500000e-08  1.10140939e+00 
 3.94500000e-08  1.09999100e+00  3.94500000e-08  1.09978905e+00  3.94500000e-08  1.10110307e+00  3.94500000e-08  1.10110044e+00 
 3.95500000e-08  1.09999100e+00  3.95500000e-08  1.09979254e+00  3.95500000e-08  1.10076457e+00  3.95500000e-08  1.10076906e+00 
 3.96500000e-08  1.09999100e+00  3.96500000e-08  1.09979516e+00  3.96500000e-08  1.10041174e+00  3.96500000e-08  1.10041360e+00 
 3.97500000e-08  1.09999100e+00  3.97500000e-08  1.09979687e+00  3.97500000e-08  1.10004739e+00  3.97500000e-08  1.10004193e+00 
 3.98500000e-08  1.09999100e+00  3.98500000e-08  1.09979765e+00  3.98500000e-08  1.09966355e+00  3.98500000e-08  1.09966653e+00 
 3.99500000e-08  1.09999100e+00  3.99500000e-08  1.09979748e+00  3.99500000e-08  1.09928985e+00  3.99500000e-08  1.09928500e+00 
 4.00500000e-08  1.09999100e+00  4.00500000e-08  1.09979637e+00  4.00500000e-08  1.09891727e+00  4.00500000e-08  1.09891035e+00 
 4.01500000e-08  1.09999100e+00  4.01500000e-08  1.09979435e+00  4.01500000e-08  1.09855028e+00  4.01500000e-08  1.09854997e+00 
 4.02500000e-08  1.09999100e+00  4.02500000e-08  1.09979145e+00  4.02500000e-08  1.09821364e+00  4.02500000e-08  1.09820283e+00 
 4.03500000e-08  1.09999100e+00  4.03500000e-08  1.09978773e+00  4.03500000e-08  1.09789095e+00  4.03500000e-08  1.09788378e+00 
 4.04500000e-08  1.09999100e+00  4.04500000e-08  1.09978326e+00  4.04500000e-08  1.09759879e+00  4.04500000e-08  1.09759389e+00 
 4.05500000e-08  1.09999100e+00  4.05500000e-08  1.09977812e+00  4.05500000e-08  1.09734967e+00  4.05500000e-08  1.09733503e+00 
 4.06500000e-08  1.09999100e+00  4.06500000e-08  1.09977240e+00  4.06500000e-08  1.09712670e+00  4.06500000e-08  1.09711991e+00 
 4.07500000e-08  1.09999100e+00  4.07500000e-08  1.09976620e+00  4.07500000e-08  1.09695378e+00  4.07500000e-08  1.09694398e+00 
 4.08500000e-08  1.09999100e+00  4.08500000e-08  1.09975965e+00  4.08500000e-08  1.09682787e+00  4.08500000e-08  1.09681232e+00 
 4.09500000e-08  1.09999100e+00  4.09500000e-08  1.09975284e+00  4.09500000e-08  1.09673830e+00  4.09500000e-08  1.09673193e+00 
 4.10500000e-08  1.09999100e+00  4.10500000e-08  1.09974591e+00  4.10500000e-08  1.09670869e+00  4.10500000e-08  1.09669497e+00 
 4.11500000e-08  1.09999100e+00  4.11500000e-08  1.09973897e+00  4.11500000e-08  1.09672213e+00  4.11500000e-08  1.09670852e+00 
 4.12500000e-08  1.09999100e+00  4.12500000e-08  1.09973213e+00  4.12500000e-08  1.09677824e+00  4.12500000e-08  1.09677189e+00 
 4.13500000e-08  1.09999100e+00  4.13500000e-08  1.09972553e+00  4.13500000e-08  1.09689242e+00  4.13500000e-08  1.09687693e+00 
 4.14500000e-08  1.09999100e+00  4.14500000e-08  1.09971928e+00  4.14500000e-08  1.09703994e+00  4.14500000e-08  1.09703035e+00 
 4.15500000e-08  1.09999100e+00  4.15500000e-08  1.09971346e+00  4.15500000e-08  1.09723071e+00  4.15500000e-08  1.09722398e+00 
 4.16500000e-08  1.09999100e+00  4.16500000e-08  1.09970819e+00  4.16500000e-08  1.09746638e+00  4.16500000e-08  1.09745196e+00 
 4.17500000e-08  1.09999100e+00  4.17500000e-08  1.09970356e+00  4.17500000e-08  1.09772263e+00  4.17500000e-08  1.09771791e+00 
 4.18500000e-08  1.09999100e+00  4.18500000e-08  1.09969962e+00  4.18500000e-08  1.09801564e+00  4.18500000e-08  1.09800850e+00 
 4.19500000e-08  1.09999100e+00  4.19500000e-08  1.09969645e+00  4.19500000e-08  1.09833214e+00  4.19500000e-08  1.09832154e+00 
 4.20500000e-08  1.09999100e+00  4.20500000e-08  1.09969410e+00  4.20500000e-08  1.09865584e+00  4.20500000e-08  1.09865551e+00 
 4.21500000e-08  1.09999100e+00  4.21500000e-08  1.09969259e+00  4.21500000e-08  1.09900268e+00  4.21500000e-08  1.09899568e+00 
 4.22500000e-08  1.09999100e+00  4.22500000e-08  1.09969196e+00  4.22500000e-08  1.09934811e+00  4.22500000e-08  1.09934327e+00 
 4.23500000e-08  1.09999100e+00  4.23500000e-08  1.09969218e+00  4.23500000e-08  1.09968848e+00  4.23500000e-08  1.09969109e+00 
 4.24500000e-08  1.09999100e+00  4.24500000e-08  1.09969326e+00  4.24500000e-08  1.10003277e+00  4.24500000e-08  1.10002702e+00 
 4.25500000e-08  1.09999100e+00  4.25500000e-08  1.09969517e+00  4.25500000e-08  1.10035264e+00  4.25500000e-08  1.10035407e+00 
 4.26500000e-08  1.09999100e+00  4.26500000e-08  1.09969786e+00  4.26500000e-08  1.10065704e+00  4.26500000e-08  1.10066076e+00 
 4.27500000e-08  1.09999100e+00  4.27500000e-08  1.09970128e+00  4.27500000e-08  1.10094381e+00  4.27500000e-08  1.10094059e+00 
 4.28500000e-08  1.09999100e+00  4.28500000e-08  1.09970536e+00  4.28500000e-08  1.10118949e+00  4.28500000e-08  1.10119617e+00 
 4.29500000e-08  1.09999100e+00  4.29500000e-08  1.09971002e+00  4.29500000e-08  1.10141143e+00  4.29500000e-08  1.10141465e+00 
 4.30500000e-08  1.09999100e+00  4.30500000e-08  1.09971517e+00  4.30500000e-08  1.10159607e+00  4.30500000e-08  1.10159634e+00 
 4.31500000e-08  1.09999100e+00  4.31500000e-08  1.09972072e+00  4.31500000e-08  1.10173204e+00  4.31500000e-08  1.10174165e+00 
 4.32500000e-08  1.09999100e+00  4.32500000e-08  1.09972655e+00  4.32500000e-08  1.10183817e+00  4.32500000e-08  1.10183995e+00 
 4.33500000e-08  1.09999100e+00  4.33500000e-08  1.09973257e+00  4.33500000e-08  1.10189357e+00  4.33500000e-08  1.10189751e+00 
 4.34500000e-08  1.09999100e+00  4.34500000e-08  1.09973866e+00  4.34500000e-08  1.10190223e+00  4.34500000e-08  1.10191179e+00 
 4.35500000e-08  1.09999100e+00  4.35500000e-08  1.09974471e+00  4.35500000e-08  1.10187747e+00  4.35500000e-08  1.10187763e+00 
 4.36500000e-08  1.09999100e+00  4.36500000e-08  1.09975062e+00  4.36500000e-08  1.10179802e+00  4.36500000e-08  1.10180474e+00 
 4.37500000e-08  1.09999100e+00  4.37500000e-08  1.09975627e+00  4.37500000e-08  1.10168162e+00  4.37500000e-08  1.10168834e+00 
 4.38500000e-08  1.09999100e+00  4.38500000e-08  1.09976157e+00  4.38500000e-08  1.10153146e+00  4.38500000e-08  1.10153047e+00 
 4.39500000e-08  1.09999100e+00  4.39500000e-08  1.09976642e+00  4.39500000e-08  1.10133341e+00  4.39500000e-08  1.10134103e+00 
 4.40500000e-08  1.09999100e+00  4.40500000e-08  1.09977074e+00  4.40500000e-08  1.10111299e+00  4.40500000e-08  1.10111495e+00 
 4.41500000e-08  1.09999100e+00  4.41500000e-08  1.09977446e+00  4.41500000e-08  1.10086261e+00  4.41500000e-08  1.10086115e+00 
 4.42500000e-08  1.09999100e+00  4.42500000e-08  1.09977751e+00  4.42500000e-08  1.10058071e+00  4.42500000e-08  1.10058680e+00 
 4.43500000e-08  1.09999100e+00  4.43500000e-08  1.09977983e+00  4.43500000e-08  1.10029235e+00  4.43500000e-08  1.10028899e+00 
 4.44500000e-08  1.09999100e+00  4.44500000e-08  1.09978140e+00  4.44500000e-08  1.09998264e+00  4.44500000e-08  1.09998116e+00 
 4.45500000e-08  1.09999100e+00  4.45500000e-08  1.09978218e+00  4.45500000e-08  1.09966389e+00  4.45500000e-08  1.09966614e+00 
 4.46500000e-08  1.09999099e+00  4.46500000e-08  1.09978218e+00  4.46500000e-08  1.09935298e+00  4.46500000e-08  1.09934511e+00 
 4.47500000e-08  1.09999099e+00  4.47500000e-08  1.09978138e+00  4.47500000e-08  1.09903390e+00  4.47500000e-08  1.09903234e+00 
 4.48500000e-08  1.09999099e+00  4.48500000e-08  1.09977981e+00  4.48500000e-08  1.09872956e+00  4.48500000e-08  1.09872643e+00 
 4.49500000e-08  1.09999099e+00  4.49500000e-08  1.09977750e+00  4.49500000e-08  1.09844387e+00  4.49500000e-08  1.09843329e+00 
 4.50500000e-08  1.09999099e+00  4.50500000e-08  1.09977450e+00  4.50500000e-08  1.09816637e+00  4.50500000e-08  1.09816412e+00 
 4.51500000e-08  1.09999099e+00  4.51500000e-08  1.09977085e+00  4.51500000e-08  1.09792358e+00  4.51500000e-08  1.09791487e+00 
 4.52500000e-08  1.09999099e+00  4.52500000e-08  1.09976664e+00  4.52500000e-08  1.09770622e+00  4.52500000e-08  1.09769510e+00 
 4.53500000e-08  1.09999099e+00  4.53500000e-08  1.09976192e+00  4.53500000e-08  1.09751391e+00  4.53500000e-08  1.09751008e+00 
 4.54500000e-08  1.09999099e+00  4.54500000e-08  1.09975680e+00  4.54500000e-08  1.09736849e+00  4.54500000e-08  1.09735540e+00 
 4.55500000e-08  1.09999099e+00  4.55500000e-08  1.09975136e+00  4.55500000e-08  1.09725156e+00  4.55500000e-08  1.09724178e+00 
 4.56500000e-08  1.09999099e+00  4.56500000e-08  1.09974569e+00  4.56500000e-08  1.09717364e+00  4.56500000e-08  1.09716747e+00 
 4.57500000e-08  1.09999099e+00  4.57500000e-08  1.09973991e+00  4.57500000e-08  1.09714495e+00  4.57500000e-08  1.09712985e+00 
 4.58500000e-08  1.09999099e+00  4.58500000e-08  1.09973410e+00  4.58500000e-08  1.09714489e+00  4.58500000e-08  1.09713757e+00 
 4.59500000e-08  1.09999099e+00  4.59500000e-08  1.09972836e+00  4.59500000e-08  1.09719156e+00  4.59500000e-08  1.09718287e+00 
 4.60500000e-08  1.09999099e+00  4.60500000e-08  1.09972282e+00  4.60500000e-08  1.09728027e+00  4.60500000e-08  1.09726605e+00 
 4.61500000e-08  1.09999099e+00  4.61500000e-08  1.09971754e+00  4.61500000e-08  1.09739550e+00  4.61500000e-08  1.09739079e+00 
 4.62500000e-08  1.09999099e+00  4.62500000e-08  1.09971262e+00  4.62500000e-08  1.09755654e+00  4.62500000e-08  1.09754600e+00 
 4.63500000e-08  1.09999099e+00  4.63500000e-08  1.09970815e+00  4.63500000e-08  1.09774535e+00  4.63500000e-08  1.09773463e+00 
 4.64500000e-08  1.09999099e+00  4.64500000e-08  1.09970419e+00  4.64500000e-08  1.09795654e+00  4.64500000e-08  1.09795382e+00 
 4.65500000e-08  1.09999099e+00  4.65500000e-08  1.09970082e+00  4.65500000e-08  1.09820346e+00  4.65500000e-08  1.09819259e+00 
 4.66500000e-08  1.09999099e+00  4.66500000e-08  1.09969809e+00  4.66500000e-08  1.09846050e+00  4.66500000e-08  1.09845492e+00 
 4.67500000e-08  1.09999099e+00  4.67500000e-08  1.09969602e+00  4.67500000e-08  1.09873354e+00  4.67500000e-08  1.09873182e+00 
 4.68500000e-08  1.09999099e+00  4.68500000e-08  1.09969467e+00  4.68500000e-08  1.09902469e+00  4.68500000e-08  1.09901547e+00 
 4.69500000e-08  1.09999099e+00  4.69500000e-08  1.09969405e+00  4.69500000e-08  1.09930884e+00  4.69500000e-08  1.09930869e+00 
 4.70500000e-08  1.09999099e+00  4.70500000e-08  1.09969415e+00  4.70500000e-08  1.09960020e+00  4.70500000e-08  1.09959859e+00 
 4.71500000e-08  1.09999099e+00  4.71500000e-08  1.09969497e+00  4.71500000e-08  1.09988797e+00  4.71500000e-08  1.09988229e+00 
 4.72500000e-08  1.09999099e+00  4.72500000e-08  1.09969648e+00  4.72500000e-08  1.10015533e+00  4.72500000e-08  1.10015950e+00 
 4.73500000e-08  1.09999099e+00  4.73500000e-08  1.09969866e+00  4.73500000e-08  1.10041882e+00  4.73500000e-08  1.10041694e+00 
 4.74500000e-08  1.09999099e+00  4.74500000e-08  1.09970146e+00  4.74500000e-08  1.10065763e+00  4.74500000e-08  1.10065667e+00 
 4.75500000e-08  1.09999099e+00  4.75500000e-08  1.09970481e+00  4.75500000e-08  1.10086803e+00  4.75500000e-08  1.10087445e+00 
 4.76500000e-08  1.09999099e+00  4.76500000e-08  1.09970867e+00  4.76500000e-08  1.10106225e+00  4.76500000e-08  1.10106030e+00 
 4.77500000e-08  1.09999099e+00  4.77500000e-08  1.09971294e+00  4.77500000e-08  1.10121584e+00  4.77500000e-08  1.10121962e+00 
 4.78500000e-08  1.09999099e+00  4.78500000e-08  1.09971756e+00  4.78500000e-08  1.10133863e+00  4.78500000e-08  1.10134489e+00 
 4.79500000e-08  1.09999099e+00  4.79500000e-08  1.09972244e+00  4.79500000e-08  1.10143358e+00  4.79500000e-08  1.10143220e+00 
 4.80500000e-08  1.09999099e+00  4.80500000e-08  1.09972748e+00  4.80500000e-08  1.10148050e+00  4.80500000e-08  1.10148774e+00 
 4.81500000e-08  1.09999099e+00  4.81500000e-08  1.09973259e+00  4.81500000e-08  1.10149877e+00  4.81500000e-08  1.10150285e+00 
 4.82500000e-08  1.09999099e+00  4.82500000e-08  1.09973769e+00  4.82500000e-08  1.10148071e+00  4.82500000e-08  1.10148059e+00 
 4.83500000e-08  1.09999099e+00  4.83500000e-08  1.09974268e+00  4.83500000e-08  1.10141710e+00  4.83500000e-08  1.10142553e+00 
 4.84500000e-08  1.09999099e+00  4.84500000e-08  1.09974746e+00  4.84500000e-08  1.10132993e+00  4.84500000e-08  1.10133070e+00 
 4.85500000e-08  1.09999099e+00  4.85500000e-08  1.09975197e+00  4.85500000e-08  1.10120357e+00  4.85500000e-08  1.10120500e+00 
 4.86500000e-08  1.09999099e+00  4.86500000e-08  1.09975611e+00  4.86500000e-08  1.10104298e+00  4.86500000e-08  1.10104990e+00 
 4.87500000e-08  1.09999099e+00  4.87500000e-08  1.09975981e+00  4.87500000e-08  1.10086534e+00  4.87500000e-08  1.10086274e+00 
 4.88500000e-08  1.09999099e+00  4.88500000e-08  1.09976302e+00  4.88500000e-08  1.10065286e+00  4.88500000e-08  1.10065548e+00 
 4.89500000e-08  1.09999099e+00  4.89500000e-08  1.09976566e+00  4.89500000e-08  1.10042335e+00  4.89500000e-08  1.10042641e+00 
 4.90500000e-08  1.09999099e+00  4.90500000e-08  1.09976771e+00  4.90500000e-08  1.10018377e+00  4.90500000e-08  1.10017865e+00 
 4.91500000e-08  1.09999099e+00  4.91500000e-08  1.09976913e+00  4.91500000e-08  1.09992098e+00  4.91500000e-08  1.09992368e+00 
 4.92500000e-08  1.09999099e+00  4.92500000e-08  1.09976989e+00  4.92500000e-08  1.09966011e+00  4.92500000e-08  1.09965795e+00 
 4.93500000e-08  1.09999099e+00  4.93500000e-08  1.09977000e+00  4.93500000e-08  1.09939632e+00  4.93500000e-08  1.09939001e+00 
 4.94500000e-08  1.09999099e+00  4.94500000e-08  1.09976943e+00  4.94500000e-08  1.09912649e+00  4.94500000e-08  1.09912771e+00 
 4.95500000e-08  1.09999099e+00  4.95500000e-08  1.09976822e+00  4.95500000e-08  1.09887517e+00  4.95500000e-08  1.09886779e+00 
 4.96500000e-08  1.09999099e+00  4.96500000e-08  1.09976639e+00  4.96500000e-08  1.09862837e+00  4.96500000e-08  1.09862212e+00 
 4.97500000e-08  1.09999099e+00  4.97500000e-08  1.09976395e+00  4.97500000e-08  1.09839491e+00  4.97500000e-08  1.09839315e+00 
 4.98500000e-08  1.09999099e+00  4.98500000e-08  1.09976098e+00  4.98500000e-08  1.09819115e+00  4.98500000e-08  1.09817987e+00 
 4.99500000e-08  1.09999099e+00  4.99500000e-08  1.09975753e+00  4.99500000e-08  1.09799967e+00  4.99500000e-08  1.09799425e+00 
 5.00500000e-08  1.09999099e+00  5.00500000e-08  1.09975364e+00  5.00500000e-08  1.09783896e+00  5.00500000e-08  1.09783328e+00 
 5.01500000e-08  1.09999099e+00  5.01500000e-08  1.09974940e+00  5.01500000e-08  1.09771229e+00  5.01500000e-08  1.09769937e+00 
 5.02500000e-08  1.09999099e+00  5.02500000e-08  1.09974488e+00  5.02500000e-08  1.09760561e+00  5.02500000e-08  1.09760109e+00 
 5.03500000e-08  1.09999099e+00  5.03500000e-08  1.09974016e+00  5.03500000e-08  1.09754120e+00  5.03500000e-08  1.09753170e+00 
 5.04500000e-08  1.09999099e+00  5.04500000e-08  1.09973533e+00  5.04500000e-08  1.09750873e+00  5.04500000e-08  1.09749667e+00 
 5.05500000e-08  1.09999099e+00  5.05500000e-08  1.09973047e+00  5.05500000e-08  1.09750276e+00  5.05500000e-08  1.09749865e+00 
 5.06500000e-08  1.09999099e+00  5.06500000e-08  1.09972565e+00  5.06500000e-08  1.09754198e+00  5.06500000e-08  1.09752986e+00 
 5.07500000e-08  1.09999099e+00  5.07500000e-08  1.09972099e+00  5.07500000e-08  1.09760628e+00  5.07500000e-08  1.09759712e+00 
 5.08500000e-08  1.09999099e+00  5.08500000e-08  1.09971653e+00  5.08500000e-08  1.09770082e+00  5.08500000e-08  1.09769639e+00 
 5.09500000e-08  1.09999099e+00  5.09500000e-08  1.09971237e+00  5.09500000e-08  1.09783416e+00  5.09500000e-08  1.09782150e+00 
 5.10500000e-08  1.09999099e+00  5.10500000e-08  1.09970857e+00  5.10500000e-08  1.09798335e+00  5.10500000e-08  1.09797814e+00 
 5.11500000e-08  1.09999099e+00  5.11500000e-08  1.09970519e+00  5.11500000e-08  1.09816203e+00  5.11500000e-08  1.09815677e+00 
 5.12500000e-08  1.09999099e+00  5.12500000e-08  1.09970230e+00  5.12500000e-08  1.09836541e+00  5.12500000e-08  1.09835463e+00 
 5.13500000e-08  1.09999099e+00  5.13500000e-08  1.09969994e+00  5.13500000e-08  1.09857520e+00  5.13500000e-08  1.09857385e+00 
 5.14500000e-08  1.09999099e+00  5.14500000e-08  1.09969814e+00  5.14500000e-08  1.09880824e+00  5.14500000e-08  1.09880219e+00 
 5.15500000e-08  1.09999099e+00  5.15500000e-08  1.09969693e+00  5.15500000e-08  1.09904747e+00  5.15500000e-08  1.09904062e+00 
 5.16500000e-08  1.09999099e+00  5.16500000e-08  1.09969632e+00  5.16500000e-08  1.09928493e+00  5.16500000e-08  1.09928633e+00 
 5.17500000e-08  1.09999099e+00  5.17500000e-08  1.09969632e+00  5.17500000e-08  1.09953404e+00  5.17500000e-08  1.09952788e+00 
 5.18500000e-08  1.09999099e+00  5.18500000e-08  1.09969693e+00  5.18500000e-08  1.09977070e+00  5.18500000e-08  1.09976887e+00 
 5.19500000e-08  1.09999099e+00  5.19500000e-08  1.09969812e+00  5.19500000e-08  1.09999916e+00  5.19500000e-08  1.10000169e+00 
 5.20500000e-08  1.09999099e+00  5.20500000e-08  1.09969988e+00  5.20500000e-08  1.10022398e+00  5.20500000e-08  1.10021889e+00 
 5.21500000e-08  1.09999099e+00  5.21500000e-08  1.09970216e+00  5.21500000e-08  1.10042160e+00  5.21500000e-08  1.10042456e+00 
 5.22500000e-08  1.09999099e+00  5.22500000e-08  1.09970492e+00  5.22500000e-08  1.10060614e+00  5.22500000e-08  1.10060821e+00 
 5.23500000e-08  1.09999099e+00  5.23500000e-08  1.09970810e+00  5.23500000e-08  1.10077096e+00  5.23500000e-08  1.10076813e+00 
 5.24500000e-08  1.09999099e+00  5.24500000e-08  1.09971165e+00  5.24500000e-08  1.10090050e+00  5.24500000e-08  1.10090678e+00 
 5.25500000e-08  1.09999099e+00  5.25500000e-08  1.09971549e+00  5.25500000e-08  1.10101312e+00  5.25500000e-08  1.10101373e+00 
 5.26500000e-08  1.09999099e+00  5.26500000e-08  1.09971956e+00  5.26500000e-08  1.10109277e+00  5.26500000e-08  1.10109297e+00 
 5.27500000e-08  1.09999099e+00  5.27500000e-08  1.09972377e+00  5.27500000e-08  1.10113667e+00  5.27500000e-08  1.10114395e+00 
 5.28500000e-08  1.09999099e+00  5.28500000e-08  1.09972806e+00  5.28500000e-08  1.10116061e+00  5.28500000e-08  1.10115949e+00 
 5.29500000e-08  1.09999099e+00  5.29500000e-08  1.09973235e+00  5.29500000e-08  1.10114437e+00  5.29500000e-08  1.10114752e+00 
 5.30500000e-08  1.09999099e+00  5.30500000e-08  1.09973655e+00  5.30500000e-08  1.10109864e+00  5.30500000e-08  1.10110444e+00 
 5.31500000e-08  1.09999098e+00  5.31500000e-08  1.09974060e+00  5.31500000e-08  1.10103099e+00  5.31500000e-08  1.10102861e+00 
 5.32500000e-08  1.09999098e+00  5.32500000e-08  1.09974443e+00  5.32500000e-08  1.10092403e+00  5.32500000e-08  1.10092910e+00 
 5.33500000e-08  1.09999098e+00  5.33500000e-08  1.09974795e+00  5.33500000e-08  1.10079821e+00  5.33500000e-08  1.10080057e+00 
 5.34500000e-08  1.09999098e+00  5.34500000e-08  1.09975112e+00  5.34500000e-08  1.10065046e+00  5.34500000e-08  1.10064766e+00 
 5.35500000e-08  1.09999098e+00  5.35500000e-08  1.09975387e+00  5.35500000e-08  1.10047251e+00  5.35500000e-08  1.10047767e+00 
 5.36500000e-08  1.09999098e+00  5.36500000e-08  1.09975617e+00  5.36500000e-08  1.10028775e+00  5.36500000e-08  1.10028575e+00 
 5.37500000e-08  1.09999098e+00  5.37500000e-08  1.09975797e+00  5.37500000e-08  1.10008405e+00  5.37500000e-08  1.10008161e+00 
 5.38500000e-08  1.09999098e+00  5.38500000e-08  1.09975924e+00  5.38500000e-08  1.09986560e+00  5.38500000e-08  1.09986876e+00 
 5.39500000e-08  1.09999098e+00  5.39500000e-08  1.09975997e+00  5.39500000e-08  1.09965119e+00  5.39500000e-08  1.09964514e+00 
 5.40500000e-08  1.09999098e+00  5.40500000e-08  1.09976014e+00  5.40500000e-08  1.09942454e+00  5.40500000e-08  1.09942276e+00 
 5.41500000e-08  1.09999098e+00  5.41500000e-08  1.09975975e+00  5.41500000e-08  1.09920146e+00  5.41500000e-08  1.09920088e+00 
 5.42500000e-08  1.09999098e+00  5.42500000e-08  1.09975882e+00  5.42500000e-08  1.09899039e+00  5.42500000e-08  1.09898161e+00 
 5.43500000e-08  1.09999098e+00  5.43500000e-08  1.09975735e+00  5.43500000e-08  1.09877729e+00  5.43500000e-08  1.09877586e+00 
 5.44500000e-08  1.09999098e+00  5.44500000e-08  1.09975539e+00  5.44500000e-08  1.09858481e+00  5.44500000e-08  1.09857964e+00 
 5.45500000e-08  1.09999098e+00  5.45500000e-08  1.09975297e+00  5.45500000e-08  1.09840890e+00  5.45500000e-08  1.09839926e+00 
 5.46500000e-08  1.09999098e+00  5.46500000e-08  1.09975013e+00  5.46500000e-08  1.09824336e+00  5.46500000e-08  1.09824146e+00 
 5.47500000e-08  1.09999098e+00  5.47500000e-08  1.09974692e+00  5.47500000e-08  1.09811047e+00  5.47500000e-08  1.09810110e+00 
 5.48500000e-08  1.09999098e+00  5.48500000e-08  1.09974342e+00  5.48500000e-08  1.09799582e+00  5.48500000e-08  1.09798712e+00 
 5.49500000e-08  1.09999098e+00  5.49500000e-08  1.09973966e+00  5.49500000e-08  1.09790374e+00  5.49500000e-08  1.09790037e+00 
 5.50500000e-08  1.09999098e+00  5.50500000e-08  1.09973573e+00  5.50500000e-08  1.09784896e+00  5.50500000e-08  1.09783689e+00 
 5.51500000e-08  1.09999098e+00  5.51500000e-08  1.09973169e+00  5.51500000e-08  1.09781217e+00  5.51500000e-08  1.09780560e+00 
 5.52500000e-08  1.09999098e+00  5.52500000e-08  1.09972762e+00  5.52500000e-08  1.09780709e+00  5.52500000e-08  1.09780154e+00 
 5.53500000e-08  1.09999098e+00  5.53500000e-08  1.09972358e+00  5.53500000e-08  1.09783607e+00  5.53500000e-08  1.09782359e+00 
 5.54500000e-08  1.09999098e+00  5.54500000e-08  1.09971965e+00  5.54500000e-08  1.09788186e+00  5.54500000e-08  1.09787774e+00 
 5.55500000e-08  1.09999098e+00  5.55500000e-08  1.09971588e+00  5.55500000e-08  1.09796282e+00  5.55500000e-08  1.09795508e+00 
 5.56500000e-08  1.09999098e+00  5.56500000e-08  1.09971236e+00  5.56500000e-08  1.09806820e+00  5.56500000e-08  1.09805770e+00 
 5.57500000e-08  1.09999098e+00  5.57500000e-08  1.09970913e+00  5.57500000e-08  1.09818867e+00  5.57500000e-08  1.09818649e+00 
 5.58500000e-08  1.09999098e+00  5.58500000e-08  1.09970625e+00  5.58500000e-08  1.09834066e+00  5.58500000e-08  1.09833153e+00 
 5.59500000e-08  1.09999098e+00  5.59500000e-08  1.09970377e+00  5.59500000e-08  1.09850382e+00  5.59500000e-08  1.09849709e+00 
 5.60500000e-08  1.09999098e+00  5.60500000e-08  1.09970173e+00  5.60500000e-08  1.09867958e+00  5.60500000e-08  1.09867832e+00 
 5.61500000e-08  1.09999098e+00  5.61500000e-08  1.09970015e+00  5.61500000e-08  1.09887631e+00  5.61500000e-08  1.09886729e+00 
 5.62500000e-08  1.09999098e+00  5.62500000e-08  1.09969907e+00  5.62500000e-08  1.09907067e+00  5.62500000e-08  1.09906845e+00 
 5.63500000e-08  1.09999098e+00  5.63500000e-08  1.09969849e+00  5.63500000e-08  1.09927375e+00  5.63500000e-08  1.09927238e+00 
 5.64500000e-08  1.09999098e+00  5.64500000e-08  1.09969842e+00  5.64500000e-08  1.09948238e+00  5.64500000e-08  1.09947524e+00 
 5.65500000e-08  1.09999098e+00  5.65500000e-08  1.09969886e+00  5.65500000e-08  1.09967770e+00  5.65500000e-08  1.09967949e+00 
 5.66500000e-08  1.09999098e+00  5.66500000e-08  1.09969979e+00  5.66500000e-08  1.09987587e+00  5.66500000e-08  1.09987373e+00 
 5.67500000e-08  1.09999098e+00  5.67500000e-08  1.09970121e+00  5.67500000e-08  1.10006266e+00  5.67500000e-08  1.10005886e+00 
 5.68500000e-08  1.09999098e+00  5.68500000e-08  1.09970306e+00  5.68500000e-08  1.10022951e+00  5.68500000e-08  1.10023380e+00 
 5.69500000e-08  1.09999098e+00  5.69500000e-08  1.09970532e+00  5.69500000e-08  1.10039137e+00  5.69500000e-08  1.10038846e+00 
 5.70500000e-08  1.09999098e+00  5.70500000e-08  1.09970794e+00  5.70500000e-08  1.10052727e+00  5.70500000e-08  1.10052749e+00 
 5.71500000e-08  1.09999098e+00  5.71500000e-08  1.09971087e+00  5.71500000e-08  1.10064128e+00  5.71500000e-08  1.10064603e+00 
 5.72500000e-08  1.09999098e+00  5.72500000e-08  1.09971407e+00  5.72500000e-08  1.10074133e+00  5.72500000e-08  1.10073824e+00 
 5.73500000e-08  1.09999098e+00  5.73500000e-08  1.09971746e+00  5.73500000e-08  1.10080656e+00  5.73500000e-08  1.10081034e+00 
 5.74500000e-08  1.09999098e+00  5.74500000e-08  1.09972098e+00  5.74500000e-08  1.10085168e+00  5.74500000e-08  1.10085498e+00 
 5.75500000e-08  1.09999098e+00  5.75500000e-08  1.09972458e+00  5.75500000e-08  1.10087458e+00  5.75500000e-08  1.10087216e+00 
 5.76500000e-08  1.09999098e+00  5.76500000e-08  1.09972818e+00  5.76500000e-08  1.10086136e+00  5.76500000e-08  1.10086723e+00 
 5.77500000e-08  1.09999098e+00  5.77500000e-08  1.09973172e+00  5.77500000e-08  1.10083206e+00  5.77500000e-08  1.10083263e+00 
 5.78500000e-08  1.09999098e+00  5.78500000e-08  1.09973514e+00  5.78500000e-08  1.10077510e+00  5.78500000e-08  1.10077409e+00 
 5.79500000e-08  1.09999098e+00  5.79500000e-08  1.09973837e+00  5.79500000e-08  1.10068834e+00  5.79500000e-08  1.10069414e+00 
 5.80500000e-08  1.09999098e+00  5.80500000e-08  1.09974137e+00  5.80500000e-08  1.10059017e+00  5.80500000e-08  1.10058772e+00 
 5.81500000e-08  1.09999098e+00  5.81500000e-08  1.09974408e+00  5.81500000e-08  1.10046376e+00  5.81500000e-08  1.10046436e+00 
 5.82500000e-08  1.09999097e+00  5.82500000e-08  1.09974644e+00  5.82500000e-08  1.10031961e+00  5.82500000e-08  1.10032313e+00 
 5.83500000e-08  1.09999097e+00  5.83500000e-08  1.09974842e+00  5.83500000e-08  1.10016836e+00  5.83500000e-08  1.10016351e+00 
 5.84500000e-08  1.09999097e+00  5.84500000e-08  1.09975000e+00  5.84500000e-08  1.09999419e+00  5.84500000e-08  1.09999585e+00 
 5.85500000e-08  1.09999097e+00  5.85500000e-08  1.09975113e+00  5.85500000e-08  1.09981692e+00  5.85500000e-08  1.09981656e+00 
 5.86500000e-08  1.09999097e+00  5.86500000e-08  1.09975181e+00  5.86500000e-08  1.09963630e+00  5.86500000e-08  1.09963024e+00 
 5.87500000e-08  1.09999097e+00  5.87500000e-08  1.09975202e+00  5.87500000e-08  1.09944350e+00  5.87500000e-08  1.09944507e+00 
 5.88500000e-08  1.09999097e+00  5.88500000e-08  1.09975176e+00  5.88500000e-08  1.09926137e+00  5.88500000e-08  1.09925658e+00 
 5.89500000e-08  1.09999097e+00  5.89500000e-08  1.09975105e+00  5.89500000e-08  1.09907949e+00  5.89500000e-08  1.09907353e+00 
 5.90500000e-08  1.09999097e+00  5.90500000e-08  1.09974989e+00  5.90500000e-08  1.09889969e+00  5.90500000e-08  1.09889969e+00 
 5.91500000e-08  1.09999097e+00  5.91500000e-08  1.09974830e+00  5.91500000e-08  1.09874049e+00  5.91500000e-08  1.09873192e+00 
 5.92500000e-08  1.09999097e+00  5.92500000e-08  1.09974633e+00  5.92500000e-08  1.09858563e+00  5.92500000e-08  1.09858069e+00 
 5.93500000e-08  1.09999097e+00  5.93500000e-08  1.09974400e+00  5.93500000e-08  1.09844750e+00  5.93500000e-08  1.09844469e+00 
 5.94500000e-08  1.09999097e+00  5.94500000e-08  1.09974135e+00  5.94500000e-08  1.09833450e+00  5.94500000e-08  1.09832378e+00 
 5.95500000e-08  1.09999097e+00  5.95500000e-08  1.09973845e+00  5.95500000e-08  1.09823072e+00  5.95500000e-08  1.09822706e+00 
 5.96500000e-08  1.09999097e+00  5.96500000e-08  1.09973532e+00  5.96500000e-08  1.09815530e+00  5.96500000e-08  1.09814913e+00 
 5.97500000e-08  1.09999097e+00  5.97500000e-08  1.09973205e+00  5.97500000e-08  1.09810407e+00  5.97500000e-08  1.09809333e+00 
 5.98500000e-08  1.09999097e+00  5.98500000e-08  1.09972868e+00  5.98500000e-08  1.09806741e+00  5.98500000e-08  1.09806461e+00 
 5.99500000e-08  1.09999097e+00  5.99500000e-08  1.09972526e+00  5.99500000e-08  1.09806481e+00  5.99500000e-08  1.09805571e+00 
 6.00500000e-08  1.09999097e+00  6.00500000e-08  1.09972187e+00  6.00500000e-08  1.09808134e+00  6.00500000e-08  1.09807253e+00 
 6.01500000e-08  1.09999097e+00  6.01500000e-08  1.09971855e+00  6.01500000e-08  1.09811710e+00  6.01500000e-08  1.09811434e+00 
 6.02500000e-08  1.09999097e+00  6.02500000e-08  1.09971538e+00  6.02500000e-08  1.09818531e+00  6.02500000e-08  1.09817465e+00 
 6.03500000e-08  1.09999097e+00  6.03500000e-08  1.09971239e+00  6.03500000e-08  1.09826547e+00  6.03500000e-08  1.09825985e+00 
 6.04500000e-08  1.09999097e+00  6.04500000e-08  1.09970965e+00  6.04500000e-08  1.09836731e+00  6.04500000e-08  1.09836376e+00 
 6.05500000e-08  1.09999097e+00  6.05500000e-08  1.09970719e+00  6.05500000e-08  1.09849301e+00  6.05500000e-08  1.09848275e+00 
 6.06500000e-08  1.09999097e+00  6.06500000e-08  1.09970506e+00  6.06500000e-08  1.09862347e+00  6.06500000e-08  1.09862126e+00 
 6.07500000e-08  1.09999097e+00  6.07500000e-08  1.09970329e+00  6.07500000e-08  1.09877429e+00  6.07500000e-08  1.09876955e+00 
 6.08500000e-08  1.09999097e+00  6.08500000e-08  1.09970192e+00  6.08500000e-08  1.09893560e+00  6.08500000e-08  1.09892772e+00 
 6.09500000e-08  1.09999097e+00  6.09500000e-08  1.09970095e+00  6.09500000e-08  1.09909588e+00  6.09500000e-08  1.09909634e+00 
 6.10500000e-08  1.09999097e+00  6.10500000e-08  1.09970040e+00  6.10500000e-08  1.09927069e+00  6.10500000e-08  1.09926500e+00 
 6.11500000e-08  1.09999097e+00  6.11500000e-08  1.09970028e+00  6.11500000e-08  1.09944109e+00  6.11500000e-08  1.09943700e+00 
 6.12500000e-08  1.09999097e+00  6.12500000e-08  1.09970059e+00  6.12500000e-08  1.09960656e+00  6.12500000e-08  1.09960830e+00 
 6.13500000e-08  1.09999097e+00  6.13500000e-08  1.09970132e+00  6.13500000e-08  1.09977667e+00  6.13500000e-08  1.09977089e+00 
 6.14500000e-08  1.09999097e+00  6.14500000e-08  1.09970244e+00  6.14500000e-08  1.09992943e+00  6.14500000e-08  1.09992952e+00 
 6.15500000e-08  1.09999097e+00  6.15500000e-08  1.09970394e+00  6.15500000e-08  1.10007489e+00  6.15500000e-08  1.10007639e+00 
 6.16500000e-08  1.09999097e+00  6.16500000e-08  1.09970579e+00  6.16500000e-08  1.10021275e+00  6.16500000e-08  1.10020808e+00 
 6.17500000e-08  1.09999097e+00  6.17500000e-08  1.09970795e+00  6.17500000e-08  1.10032510e+00  6.17500000e-08  1.10032860e+00 
 6.18500000e-08  1.09999097e+00  6.18500000e-08  1.09971037e+00  6.18500000e-08  1.10042845e+00  6.18500000e-08  1.10042857e+00 
 6.19500000e-08  1.09999097e+00  6.19500000e-08  1.09971302e+00  6.19500000e-08  1.10051233e+00  6.19500000e-08  1.10050986e+00 
 6.20500000e-08  1.09999096e+00  6.20500000e-08  1.09971584e+00  6.20500000e-08  1.10056864e+00  6.20500000e-08  1.10057387e+00 
 6.21500000e-08  1.09999096e+00  6.21500000e-08  1.09971879e+00  6.21500000e-08  1.10061423e+00  6.21500000e-08  1.10061255e+00 
 6.22500000e-08  1.09999096e+00  6.22500000e-08  1.09972180e+00  6.22500000e-08  1.10063180e+00  6.22500000e-08  1.10063203e+00 
 6.23500000e-08  1.09999096e+00  6.23500000e-08  1.09972482e+00  6.23500000e-08  1.10062554e+00  6.23500000e-08  1.10063037e+00 
 6.24500000e-08  1.09999096e+00  6.24500000e-08  1.09972780e+00  6.24500000e-08  1.10060661e+00  6.24500000e-08  1.10060345e+00 
 6.25500000e-08  1.09999096e+00  6.25500000e-08  1.09973068e+00  6.25500000e-08  1.10055677e+00  6.25500000e-08  1.10055935e+00 
 6.26500000e-08  1.09999096e+00  6.26500000e-08  1.09973342e+00  6.26500000e-08  1.10049097e+00  6.26500000e-08  1.10049348e+00 
 6.27500000e-08  1.09999096e+00  6.27500000e-08  1.09973596e+00  6.27500000e-08  1.10041082e+00  6.27500000e-08  1.10040703e+00 
 6.28500000e-08  1.09999096e+00  6.28500000e-08  1.09973827e+00  6.28500000e-08  1.10030360e+00  6.28500000e-08  1.10030735e+00 
 6.29500000e-08  1.09999096e+00  6.29500000e-08  1.09974029e+00  6.29500000e-08  1.10018991e+00  6.29500000e-08  1.10018893e+00 
 6.30500000e-08  1.09999096e+00  6.30500000e-08  1.09974201e+00  6.30500000e-08  1.10006156e+00  6.30500000e-08  1.10005809e+00 
 6.31500000e-08  1.09999096e+00  6.31500000e-08  1.09974338e+00  6.31500000e-08  1.09991600e+00  6.31500000e-08  1.09991920e+00 
 6.32500000e-08  1.09999096e+00  6.32500000e-08  1.09974438e+00  6.32500000e-08  1.09977268e+00  6.32500000e-08  1.09976809e+00 
 6.33500000e-08  1.09999096e+00  6.33500000e-08  1.09974501e+00  6.33500000e-08  1.09961690e+00  6.33500000e-08  1.09961440e+00 
 6.34500000e-08  1.09999096e+00  6.34500000e-08  1.09974524e+00  6.34500000e-08  1.09945755e+00  6.34500000e-08  1.09945844e+00 
 6.35500000e-08  1.09999096e+00  6.35500000e-08  1.09974508e+00  6.35500000e-08  1.09930667e+00  6.35500000e-08  1.09929934e+00 
 6.36500000e-08  1.09999096e+00  6.36500000e-08  1.09974454e+00  6.36500000e-08  1.09914866e+00  6.36500000e-08  1.09914717e+00 
 6.37500000e-08  1.09999096e+00  6.37500000e-08  1.09974361e+00  6.37500000e-08  1.09900128e+00  6.37500000e-08  1.09899864e+00 
 6.38500000e-08  1.09999096e+00  6.38500000e-08  1.09974234e+00  6.38500000e-08  1.09886549e+00  6.38500000e-08  1.09885697e+00 
 6.39500000e-08  1.09999096e+00  6.39500000e-08  1.09974073e+00  6.39500000e-08  1.09873079e+00  6.39500000e-08  1.09872971e+00 
 6.40500000e-08  1.09999096e+00  6.40500000e-08  1.09973881e+00  6.40500000e-08  1.09861806e+00  6.40500000e-08  1.09861164e+00 
 6.41500000e-08  1.09999096e+00  6.41500000e-08  1.09973663e+00  6.41500000e-08  1.09851746e+00  6.41500000e-08  1.09850942e+00 
 6.42500000e-08  1.09999096e+00  6.42500000e-08  1.09973422e+00  6.42500000e-08  1.09842762e+00  6.42500000e-08  1.09842596e+00 
 6.43500000e-08  1.09999096e+00  6.43500000e-08  1.09973162e+00  6.43500000e-08  1.09836574e+00  6.43500000e-08  1.09835634e+00 
 6.44500000e-08  1.09999096e+00  6.44500000e-08  1.09972890e+00  6.44500000e-08  1.09831501e+00  6.44500000e-08  1.09830874e+00 
 6.45500000e-08  1.09999096e+00  6.45500000e-08  1.09972607e+00  6.45500000e-08  1.09828398e+00  6.45500000e-08  1.09828076e+00 
 6.46500000e-08  1.09999096e+00  6.46500000e-08  1.09972321e+00  6.46500000e-08  1.09828048e+00  6.46500000e-08  1.09826977e+00 
 6.47500000e-08  1.09999096e+00  6.47500000e-08  1.09972036e+00  6.47500000e-08  1.09828682e+00  6.47500000e-08  1.09828285e+00 
 6.48500000e-08  1.09999096e+00  6.48500000e-08  1.09971757e+00  6.48500000e-08  1.09831861e+00  6.48500000e-08  1.09831329e+00 
 6.49500000e-08  1.09999096e+00  6.49500000e-08  1.09971489e+00  6.49500000e-08  1.09837172e+00  6.49500000e-08  1.09836175e+00 
 6.50500000e-08  1.09999096e+00  6.50500000e-08  1.09971236e+00  6.50500000e-08  1.09843374e+00  6.50500000e-08  1.09843176e+00 
 6.51500000e-08  1.09999096e+00  6.51500000e-08  1.09971002e+00  6.51500000e-08  1.09852183e+00  6.51500000e-08  1.09851461e+00 
 6.52500000e-08  1.09999095e+00  6.52500000e-08  1.09970793e+00  6.52500000e-08  1.09862131e+00  6.52500000e-08  1.09861391e+00 
 6.53500000e-08  1.09999095e+00  6.53500000e-08  1.09970610e+00  6.53500000e-08  1.09872914e+00  6.53500000e-08  1.09872824e+00 
 6.54500000e-08  1.09999095e+00  6.54500000e-08  1.09970457e+00  6.54500000e-08  1.09885783e+00  6.54500000e-08  1.09884968e+00 
 6.55500000e-08  1.09999095e+00  6.55500000e-08  1.09970336e+00  6.55500000e-08  1.09898699e+00  6.55500000e-08  1.09898322e+00 
 6.56500000e-08  1.09999095e+00  6.56500000e-08  1.09970250e+00  6.56500000e-08  1.09912363e+00  6.56500000e-08  1.09912268e+00 
 6.57500000e-08  1.09999095e+00  6.57500000e-08  1.09970199e+00  6.57500000e-08  1.09927091e+00  6.57500000e-08  1.09926331e+00 
 6.58500000e-08  1.09999095e+00  6.58500000e-08  1.09970184e+00  6.58500000e-08  1.09940940e+00  6.58500000e-08  1.09940928e+00 
 6.59500000e-08  1.09999095e+00  6.59500000e-08  1.09970204e+00  6.59500000e-08  1.09955325e+00  6.59500000e-08  1.09955139e+00 
 6.60500000e-08  1.09999095e+00  6.60500000e-08  1.09970260e+00  6.60500000e-08  1.09969472e+00  6.60500000e-08  1.09968920e+00 
 6.61500000e-08  1.09999095e+00  6.61500000e-08  1.09970349e+00  6.61500000e-08  1.09982164e+00  6.61500000e-08  1.09982417e+00 
 6.62500000e-08  1.09999095e+00  6.62500000e-08  1.09970471e+00  6.62500000e-08  1.09994983e+00  6.62500000e-08  1.09994678e+00 
 6.63500000e-08  1.09999095e+00  6.63500000e-08  1.09970622e+00  6.63500000e-08  1.10006294e+00  6.63500000e-08  1.10006055e+00 
 6.64500000e-08  1.09999095e+00  6.64500000e-08  1.09970799e+00  6.64500000e-08  1.10015976e+00  6.64500000e-08  1.10016328e+00 
 6.65500000e-08  1.09999095e+00  6.65500000e-08  1.09970999e+00  6.65500000e-08  1.10025184e+00  6.65500000e-08  1.10024797e+00 
 6.66500000e-08  1.09999095e+00  6.66500000e-08  1.09971218e+00  6.66500000e-08  1.10031954e+00  6.66500000e-08  1.10032048e+00 
 6.67500000e-08  1.09999095e+00  6.67500000e-08  1.09971453e+00  6.67500000e-08  1.10037258e+00  6.67500000e-08  1.10037531e+00 
 6.68500000e-08  1.09999095e+00  6.68500000e-08  1.09971698e+00  6.68500000e-08  1.10041396e+00  6.68500000e-08  1.10041012e+00 
 6.69500000e-08  1.09999095e+00  6.69500000e-08  1.09971950e+00  6.69500000e-08  1.10042725e+00  6.69500000e-08  1.10043072e+00 
 6.70500000e-08  1.09999095e+00  6.70500000e-08  1.09972203e+00  6.70500000e-08  1.10042947e+00  6.70500000e-08  1.10043006e+00 
 6.71500000e-08  1.09999095e+00  6.71500000e-08  1.09972454e+00  6.71500000e-08  1.10041388e+00  6.71500000e-08  1.10041101e+00 
 6.72500000e-08  1.09999095e+00  6.72500000e-08  1.09972697e+00  6.72500000e-08  1.10037284e+00  6.72500000e-08  1.10037725e+00 
 6.73500000e-08  1.09999095e+00  6.73500000e-08  1.09972928e+00  6.73500000e-08  1.10032467e+00  6.73500000e-08  1.10032255e+00 
 6.74500000e-08  1.09999095e+00  6.74500000e-08  1.09973144e+00  6.74500000e-08  1.10025529e+00  6.74500000e-08  1.10025401e+00 
 6.75500000e-08  1.09999095e+00  6.75500000e-08  1.09973340e+00  6.75500000e-08  1.10016853e+00  6.75500000e-08  1.10017197e+00 
 6.76500000e-08  1.09999095e+00  6.76500000e-08  1.09973513e+00  6.76500000e-08  1.10007779e+00  6.76500000e-08  1.10007329e+00 
 6.77500000e-08  1.09999095e+00  6.77500000e-08  1.09973661e+00  6.77500000e-08  1.09996673e+00  6.77500000e-08  1.09996702e+00 
 6.78500000e-08  1.09999095e+00  6.78500000e-08  1.09973779e+00  6.78500000e-08  1.09984951e+00  6.78500000e-08  1.09985027e+00 
 6.79500000e-08  1.09999094e+00  6.79500000e-08  1.09973868e+00  6.79500000e-08  1.09973026e+00  6.79500000e-08  1.09972440e+00 
 6.80500000e-08  1.09999094e+00  6.80500000e-08  1.09973925e+00  6.80500000e-08  1.09959642e+00  6.80500000e-08  1.09959755e+00 
 6.81500000e-08  1.09999094e+00  6.81500000e-08  1.09973949e+00  6.81500000e-08  1.09946788e+00  6.81500000e-08  1.09946503e+00 
 6.82500000e-08  1.09999094e+00  6.82500000e-08  1.09973940e+00  6.82500000e-08  1.09933849e+00  6.82500000e-08  1.09933255e+00 
 6.83500000e-08  1.09999094e+00  6.83500000e-08  1.09973899e+00  6.83500000e-08  1.09920425e+00  6.83500000e-08  1.09920499e+00 
 6.84500000e-08  1.09999094e+00  6.84500000e-08  1.09973826e+00  6.84500000e-08  1.09908427e+00  6.84500000e-08  1.09907789e+00 
 6.85500000e-08  1.09999094e+00  6.85500000e-08  1.09973723e+00  6.85500000e-08  1.09896476e+00  6.85500000e-08  1.09895980e+00 
 6.86500000e-08  1.09999094e+00  6.86500000e-08  1.09973591e+00  6.86500000e-08  1.09885205e+00  6.86500000e-08  1.09885105e+00 
 6.87500000e-08  1.09999094e+00  6.87500000e-08  1.09973434e+00  6.87500000e-08  1.09875827e+00  6.87500000e-08  1.09874945e+00 
 6.88500000e-08  1.09999094e+00  6.88500000e-08  1.09973254e+00  6.88500000e-08  1.09866726e+00  6.88500000e-08  1.09866377e+00 
 6.89500000e-08  1.09999094e+00  6.89500000e-08  1.09973054e+00  6.89500000e-08  1.09859381e+00  6.89500000e-08  1.09859015e+00 
 6.90500000e-08  1.09999094e+00  6.90500000e-08  1.09972839e+00  6.90500000e-08  1.09853928e+00  6.90500000e-08  1.09852972e+00 
 6.91500000e-08  1.09999094e+00  6.91500000e-08  1.09972611e+00  6.91500000e-08  1.09849105e+00  6.91500000e-08  1.09848882e+00 
 6.92500000e-08  1.09999094e+00  6.92500000e-08  1.09972375e+00  6.92500000e-08  1.09846751e+00  6.92500000e-08  1.09846101e+00 
 6.93500000e-08  1.09999094e+00  6.93500000e-08  1.09972135e+00  6.93500000e-08  1.09845906e+00  6.93500000e-08  1.09845060e+00 
 6.94500000e-08  1.09999094e+00  6.94500000e-08  1.09971895e+00  6.94500000e-08  1.09846119e+00  6.94500000e-08  1.09845946e+00 
 6.95500000e-08  1.09999094e+00  6.95500000e-08  1.09971660e+00  6.95500000e-08  1.09848961e+00  6.95500000e-08  1.09848097e+00 
 6.96500000e-08  1.09999094e+00  6.96500000e-08  1.09971434e+00  6.96500000e-08  1.09852722e+00  6.96500000e-08  1.09852121e+00 
 6.97500000e-08  1.09999094e+00  6.97500000e-08  1.09971219e+00  6.97500000e-08  1.09857917e+00  6.97500000e-08  1.09857697e+00 
 6.98500000e-08  1.09999094e+00  6.98500000e-08  1.09971021e+00  6.98500000e-08  1.09865303e+00  6.98500000e-08  1.09864373e+00 
 6.99500000e-08  1.09999094e+00  6.99500000e-08  1.09970842e+00  6.99500000e-08  1.09873010e+00  6.99500000e-08  1.09872709e+00 
 7.00500000e-08  1.09999094e+00  7.00500000e-08  1.09970684e+00  7.00500000e-08  1.09882319e+00  7.00500000e-08  1.09881978e+00 
 7.01500000e-08  1.09999094e+00  7.01500000e-08  1.09970552e+00  7.01500000e-08  1.09892895e+00  7.01500000e-08  1.09892074e+00 
 7.02500000e-08  1.09999094e+00  7.02500000e-08  1.09970447e+00  7.02500000e-08  1.09903333e+00  7.02500000e-08  1.09903294e+00 
 7.03500000e-08  1.09999093e+00  7.03500000e-08  1.09970370e+00  7.03500000e-08  1.09915207e+00  7.03500000e-08  1.09914729e+00 
 7.04500000e-08  1.09999093e+00  7.04500000e-08  1.09970323e+00  7.04500000e-08  1.09927178e+00  7.04500000e-08  1.09926621e+00 
 7.05500000e-08  1.09999093e+00  7.05500000e-08  1.09970305e+00  7.05500000e-08  1.09938758e+00  7.05500000e-08  1.09938868e+00 
 7.06500000e-08  1.09999093e+00  7.06500000e-08  1.09970318e+00  7.06500000e-08  1.09951225e+00  7.06500000e-08  1.09950659e+00 
 7.07500000e-08  1.09999093e+00  7.07500000e-08  1.09970361e+00  7.07500000e-08  1.09962670e+00  7.07500000e-08  1.09962459e+00 
 7.08500000e-08  1.09999093e+00  7.08500000e-08  1.09970431e+00  7.08500000e-08  1.09973645e+00  7.08500000e-08  1.09973763e+00 
 7.09500000e-08  1.09999093e+00  7.09500000e-08  1.09970529e+00  7.09500000e-08  1.09984651e+00  7.09500000e-08  1.09984098e+00 
 7.10500000e-08  1.09999093e+00  7.10500000e-08  1.09970652e+00  7.10500000e-08  1.09993833e+00  7.10500000e-08  1.09993951e+00 
 7.11500000e-08  1.09999093e+00  7.11500000e-08  1.09970797e+00  7.11500000e-08  1.10002546e+00  7.11500000e-08  1.10002550e+00 
 7.12500000e-08  1.09999093e+00  7.12500000e-08  1.09970962e+00  7.12500000e-08  1.10010309e+00  7.12500000e-08  1.10009886e+00 
 7.13500000e-08  1.09999093e+00  7.13500000e-08  1.09971144e+00  7.13500000e-08  1.10015927e+00  7.13500000e-08  1.10016262e+00 
 7.14500000e-08  1.09999093e+00  7.14500000e-08  1.09971338e+00  7.14500000e-08  1.10021054e+00  7.14500000e-08  1.10020879e+00 
 7.15500000e-08  1.09999093e+00  7.15500000e-08  1.09971543e+00  7.15500000e-08  1.10024367e+00  7.15500000e-08  1.10024163e+00 
 7.16500000e-08  1.09999093e+00  7.16500000e-08  1.09971753e+00  7.16500000e-08  1.10025722e+00  7.16500000e-08  1.10026103e+00 
 7.17500000e-08  1.09999093e+00  7.17500000e-08  1.09971965e+00  7.17500000e-08  1.10026475e+00  7.17500000e-08  1.10026132e+00 
 7.18500000e-08  1.09999093e+00  7.18500000e-08  1.09972175e+00  7.18500000e-08  1.10024910e+00  7.18500000e-08  1.10024944e+00 
 7.19500000e-08  1.09999093e+00  7.19500000e-08  1.09972380e+00  7.19500000e-08  1.10021965e+00  7.19500000e-08  1.10022212e+00 
 7.20500000e-08  1.09999093e+00  7.20500000e-08  1.09972575e+00  7.20500000e-08  1.10018225e+00  7.20500000e-08  1.10017788e+00 
 7.21500000e-08  1.09999093e+00  7.21500000e-08  1.09972758e+00  7.21500000e-08  1.10012180e+00  7.21500000e-08  1.10012393e+00 
 7.22500000e-08  1.09999093e+00  7.22500000e-08  1.09972924e+00  7.22500000e-08  1.10005525e+00  7.22500000e-08  1.10005504e+00 
 7.23500000e-08  1.09999093e+00  7.23500000e-08  1.09973073e+00  7.23500000e-08  1.09997883e+00  7.23500000e-08  1.09997452e+00 
 7.24500000e-08  1.09999092e+00  7.24500000e-08  1.09973199e+00  7.24500000e-08  1.09988488e+00  7.24500000e-08  1.09988751e+00 
 7.25500000e-08  1.09999092e+00  7.25500000e-08  1.09973302e+00  7.25500000e-08  1.09979219e+00  7.25500000e-08  1.09978882e+00 
 7.26500000e-08  1.09999092e+00  7.26500000e-08  1.09973380e+00  7.26500000e-08  1.09968899e+00  7.26500000e-08  1.09968562e+00 
 7.27500000e-08  1.09999092e+00  7.27500000e-08  1.09973431e+00  7.27500000e-08  1.09957792e+00  7.27500000e-08  1.09957946e+00 
 7.28500000e-08  1.09999092e+00  7.28500000e-08  1.09973455e+00  7.28500000e-08  1.09947340e+00  7.28500000e-08  1.09946732e+00 
 7.29500000e-08  1.09999092e+00  7.29500000e-08  1.09973451e+00  7.29500000e-08  1.09936010e+00  7.29500000e-08  1.09935804e+00 
 7.30500000e-08  1.09999092e+00  7.30500000e-08  1.09973420e+00  7.30500000e-08  1.09925037e+00  7.30500000e-08  1.09924944e+00 
 7.31500000e-08  1.09999092e+00  7.31500000e-08  1.09973363e+00  7.31500000e-08  1.09914963e+00  7.31500000e-08  1.09914204e+00 
 7.32500000e-08  1.09999092e+00  7.32500000e-08  1.09973279e+00  7.32500000e-08  1.09904468e+00  7.32500000e-08  1.09904365e+00 
 7.33500000e-08  1.09999092e+00  7.33500000e-08  1.09973172e+00  7.33500000e-08  1.09895363e+00  7.33500000e-08  1.09894951e+00 
 7.34500000e-08  1.09999092e+00  7.34500000e-08  1.09973043e+00  7.34500000e-08  1.09887142e+00  7.34500000e-08  1.09886384e+00 
 7.35500000e-08  1.09999092e+00  7.35500000e-08  1.09972894e+00  7.35500000e-08  1.09879192e+00  7.35500000e-08  1.09879110e+00 
 7.36500000e-08  1.09999092e+00  7.36500000e-08  1.09972729e+00  7.36500000e-08  1.09873301e+00  7.36500000e-08  1.09872591e+00 
 7.37500000e-08  1.09999092e+00  7.37500000e-08  1.09972550e+00  7.37500000e-08  1.09868128e+00  7.37500000e-08  1.09867506e+00 
 7.38500000e-08  1.09999092e+00  7.38500000e-08  1.09972359e+00  7.38500000e-08  1.09864004e+00  7.38500000e-08  1.09863836e+00 
 7.39500000e-08  1.09999092e+00  7.39500000e-08  1.09972162e+00  7.39500000e-08  1.09862096e+00  7.39500000e-08  1.09861197e+00 
 7.40500000e-08  1.09999092e+00  7.40500000e-08  1.09971961e+00  7.40500000e-08  1.09860719e+00  7.40500000e-08  1.09860306e+00 
 7.41500000e-08  1.09999092e+00  7.41500000e-08  1.09971759e+00  7.41500000e-08  1.09861044e+00  7.41500000e-08  1.09860706e+00 
 7.42500000e-08  1.09999092e+00  7.42500000e-08  1.09971561e+00  7.42500000e-08  1.09863231e+00  7.42500000e-08  1.09862311e+00 
 7.43500000e-08  1.09999092e+00  7.43500000e-08  1.09971370e+00  7.43500000e-08  1.09865843e+00  7.43500000e-08  1.09865634e+00 
 7.44500000e-08  1.09999091e+00  7.44500000e-08  1.09971188e+00  7.44500000e-08  1.09870483e+00  7.44500000e-08  1.09869945e+00 
 7.45500000e-08  1.09999091e+00  7.45500000e-08  1.09971019e+00  7.45500000e-08  1.09876249e+00  7.45500000e-08  1.09875481e+00 
 7.46500000e-08  1.09999091e+00  7.46500000e-08  1.09970866e+00  7.46500000e-08  1.09882446e+00  7.46500000e-08  1.09882369e+00 
 7.47500000e-08  1.09999091e+00  7.47500000e-08  1.09970731e+00  7.47500000e-08  1.09890538e+00  7.47500000e-08  1.09889847e+00 
 7.48500000e-08  1.09999091e+00  7.48500000e-08  1.09970617e+00  7.48500000e-08  1.09898867e+00  7.48500000e-08  1.09898377e+00 
 7.49500000e-08  1.09999091e+00  7.49500000e-08  1.09970525e+00  7.49500000e-08  1.09907693e+00  7.49500000e-08  1.09907638e+00 
 7.50500000e-08  1.09999091e+00  7.50500000e-08  1.09970457e+00  7.50500000e-08  1.09917814e+00  7.50500000e-08  1.09917078e+00 
 7.51500000e-08  1.09999091e+00  7.51500000e-08  1.09970413e+00  7.51500000e-08  1.09927365e+00  7.51500000e-08  1.09927196e+00 
 7.52500000e-08  1.09999091e+00  7.52500000e-08  1.09970394e+00  7.52500000e-08  1.09937443e+00  7.52500000e-08  1.09937308e+00 
 7.53500000e-08  1.09999091e+00  7.53500000e-08  1.09970401e+00  7.53500000e-08  1.09947870e+00  7.53500000e-08  1.09947230e+00 
 7.54500000e-08  1.09999091e+00  7.54500000e-08  1.09970433e+00  7.54500000e-08  1.09957195e+00  7.54500000e-08  1.09957295e+00 
 7.55500000e-08  1.09999091e+00  7.55500000e-08  1.09970488e+00  7.55500000e-08  1.09966927e+00  7.55500000e-08  1.09966657e+00 
 7.56500000e-08  1.09999091e+00  7.56500000e-08  1.09970567e+00  7.56500000e-08  1.09975950e+00  7.56500000e-08  1.09975531e+00 
 7.57500000e-08  1.09999091e+00  7.57500000e-08  1.09970666e+00  7.57500000e-08  1.09983691e+00  7.57500000e-08  1.09983933e+00 
 7.58500000e-08  1.09999091e+00  7.58500000e-08  1.09970785e+00  7.58500000e-08  1.09991516e+00  7.58500000e-08  1.09991120e+00 
 7.59500000e-08  1.09999091e+00  7.59500000e-08  1.09970921e+00  7.59500000e-08  1.09997729e+00  7.59500000e-08  1.09997596e+00 
 7.60500000e-08  1.09999091e+00  7.60500000e-08  1.09971071e+00  7.60500000e-08  1.10002800e+00  7.60500000e-08  1.10003025e+00 
 7.61500000e-08  1.09999091e+00  7.61500000e-08  1.09971233e+00  7.61500000e-08  1.10007451e+00  7.61500000e-08  1.10006998e+00 
 7.62500000e-08  1.09999090e+00  7.62500000e-08  1.09971403e+00  7.62500000e-08  1.10009973e+00  7.62500000e-08  1.10010105e+00 
 7.63500000e-08  1.09999090e+00  7.63500000e-08  1.09971578e+00  7.63500000e-08  1.10011691e+00  7.63500000e-08  1.10011759e+00 
 7.64500000e-08  1.09999090e+00  7.64500000e-08  1.09971756e+00  7.64500000e-08  1.10012418e+00  7.64500000e-08  1.10012005e+00 
 7.65500000e-08  1.09999090e+00  7.65500000e-08  1.09971932e+00  7.65500000e-08  1.10011011e+00  7.65500000e-08  1.10011304e+00 
 7.66500000e-08  1.09999090e+00  7.66500000e-08  1.09972104e+00  7.66500000e-08  1.10009177e+00  7.66500000e-08  1.10009009e+00 
 7.67500000e-08  1.09999090e+00  7.67500000e-08  1.09972269e+00  7.67500000e-08  1.10005884e+00  7.67500000e-08  1.10005600e+00 
 7.68500000e-08  1.09999090e+00  7.68500000e-08  1.09972423e+00  7.68500000e-08  1.10000950e+00  7.68500000e-08  1.10001245e+00 
 7.69500000e-08  1.09999090e+00  7.69500000e-08  1.09972565e+00  7.69500000e-08  1.09995871e+00  7.69500000e-08  1.09995471e+00 
 7.70500000e-08  1.09999090e+00  7.70500000e-08  1.09972691e+00  7.70500000e-08  1.09989142e+00  7.70500000e-08  1.09989027e+00 
 7.71500000e-08  1.09999090e+00  7.71500000e-08  1.09972799e+00  7.71500000e-08  1.09981610e+00  7.71500000e-08  1.09981745e+00 
 7.72500000e-08  1.09999090e+00  7.72500000e-08  1.09972888e+00  7.72500000e-08  1.09974062e+00  7.72500000e-08  1.09973505e+00 
 7.73500000e-08  1.09999090e+00  7.73500000e-08  1.09972956e+00  7.73500000e-08  1.09965059e+00  7.73500000e-08  1.09965084e+00 
 7.74500000e-08  1.09999090e+00  7.74500000e-08  1.09973002e+00  7.74500000e-08  1.09956204e+00  7.74500000e-08  1.09956061e+00 
 7.75500000e-08  1.09999090e+00  7.75500000e-08  1.09973025e+00  7.75500000e-08  1.09947327e+00  7.75500000e-08  1.09946731e+00 
 7.76500000e-08  1.09999090e+00  7.76500000e-08  1.09973025e+00  7.76500000e-08  1.09937585e+00  7.76500000e-08  1.09937659e+00 
 7.77500000e-08  1.09999090e+00  7.77500000e-08  1.09973002e+00  7.77500000e-08  1.09928804e+00  7.77500000e-08  1.09928347e+00 
 7.78500000e-08  1.09999090e+00  7.78500000e-08  1.09972956e+00  7.78500000e-08  1.09919952e+00  7.78500000e-08  1.09919432e+00 
 7.79500000e-08  1.09999089e+00  7.79500000e-08  1.09972889e+00  7.79500000e-08  1.09911103e+00  7.79500000e-08  1.09911102e+00 
 7.80500000e-08  1.09999089e+00  7.80500000e-08  1.09972802e+00  7.80500000e-08  1.09903700e+00  7.80500000e-08  1.09902986e+00 
 7.81500000e-08  1.09999089e+00  7.81500000e-08  1.09972696e+00  7.81500000e-08  1.09896245e+00  7.81500000e-08  1.09895872e+00 
 7.82500000e-08  1.09999089e+00  7.82500000e-08  1.09972573e+00  7.82500000e-08  1.09889725e+00  7.82500000e-08  1.09889536e+00 
 7.83500000e-08  1.09999089e+00  7.83500000e-08  1.09972436e+00  7.83500000e-08  1.09884734e+00  7.83500000e-08  1.09883892e+00 
 7.84500000e-08  1.09999089e+00  7.84500000e-08  1.09972287e+00  7.84500000e-08  1.09879852e+00  7.84500000e-08  1.09879630e+00 
 7.85500000e-08  1.09999089e+00  7.85500000e-08  1.09972128e+00  7.85500000e-08  1.09876659e+00  7.85500000e-08  1.09876221e+00 
 7.86500000e-08  1.09999089e+00  7.86500000e-08  1.09971963e+00  7.86500000e-08  1.09874717e+00  7.86500000e-08  1.09873909e+00 
 7.87500000e-08  1.09999089e+00  7.87500000e-08  1.09971794e+00  7.87500000e-08  1.09873197e+00  7.87500000e-08  1.09873069e+00 
 7.88500000e-08  1.09999089e+00  7.88500000e-08  1.09971624e+00  7.88500000e-08  1.09873732e+00  7.88500000e-08  1.09873061e+00 
 7.89500000e-08  1.09999089e+00  7.89500000e-08  1.09971458e+00  7.89500000e-08  1.09875021e+00  7.89500000e-08  1.09874390e+00 
 7.90500000e-08  1.09999089e+00  7.90500000e-08  1.09971295e+00  7.90500000e-08  1.09877117e+00  7.90500000e-08  1.09876988e+00 
 7.91500000e-08  1.09999089e+00  7.91500000e-08  1.09971141e+00  7.91500000e-08  1.09881144e+00  7.91500000e-08  1.09880336e+00 
 7.92500000e-08  1.09999089e+00  7.92500000e-08  1.09970998e+00  7.92500000e-08  1.09885391e+00  7.92500000e-08  1.09885016e+00 
 7.93500000e-08  1.09999089e+00  7.93500000e-08  1.09970867e+00  7.93500000e-08  1.09890766e+00  7.93500000e-08  1.09890542e+00 
 7.94500000e-08  1.09999089e+00  7.94500000e-08  1.09970751e+00  7.94500000e-08  1.09897485e+00  7.94500000e-08  1.09896684e+00 
 7.95500000e-08  1.09999089e+00  7.95500000e-08  1.09970653e+00  7.95500000e-08  1.09904013e+00  7.95500000e-08  1.09903889e+00 
 7.96500000e-08  1.09999088e+00  7.96500000e-08  1.09970572e+00  7.96500000e-08  1.09911776e+00  7.96500000e-08  1.09911407e+00 
 7.97500000e-08  1.09999088e+00  7.97500000e-08  1.09970512e+00  7.97500000e-08  1.09919996e+00  7.97500000e-08  1.09919355e+00 
 7.98500000e-08  1.09999088e+00  7.98500000e-08  1.09970472e+00  7.98500000e-08  1.09927821e+00  7.98500000e-08  1.09927868e+00 
 7.99500000e-08  1.09999088e+00  7.99500000e-08  1.09970453e+00  7.99500000e-08  1.09936676e+00  7.99500000e-08  1.09936172e+00 
 8.00500000e-08  1.09999088e+00  8.00500000e-08  1.09970455e+00  8.00500000e-08  1.09945035e+00  8.00500000e-08  1.09944662e+00 
 8.01500000e-08  1.09999088e+00  8.01500000e-08  1.09970478e+00  8.01500000e-08  1.09952997e+00  8.01500000e-08  1.09953090e+00 
 8.02500000e-08  1.09999088e+00  8.02500000e-08  1.09970521e+00  8.02500000e-08  1.09961462e+00  8.02500000e-08  1.09960894e+00 
 8.03500000e-08  1.09999088e+00  8.03500000e-08  1.09970584e+00  8.03500000e-08  1.09968660e+00  8.03500000e-08  1.09968585e+00 
 8.04500000e-08  1.09999088e+00  8.04500000e-08  1.09970665e+00  8.04500000e-08  1.09975575e+00  8.04500000e-08  1.09975589e+00 
 8.05500000e-08  1.09999088e+00  8.05500000e-08  1.09970762e+00  8.05500000e-08  1.09982244e+00  8.05500000e-08  1.09981723e+00 
 8.06500000e-08  1.09999088e+00  8.06500000e-08  1.09970873e+00  8.06500000e-08  1.09987243e+00  8.06500000e-08  1.09987407e+00 
 8.07500000e-08  1.09999088e+00  8.07500000e-08  1.09970997e+00  8.07500000e-08  1.09992068e+00  8.07500000e-08  1.09991918e+00 
 8.08500000e-08  1.09999088e+00  8.08500000e-08  1.09971131e+00  8.08500000e-08  1.09995861e+00  8.08500000e-08  1.09995493e+00 
 8.09500000e-08  1.09999088e+00  8.09500000e-08  1.09971272e+00  8.09500000e-08  1.09998018e+00  8.09500000e-08  1.09998292e+00 
 8.10500000e-08  1.09999088e+00  8.10500000e-08  1.09971418e+00  8.10500000e-08  1.10000005e+00  8.10500000e-08  1.09999677e+00 
 8.11500000e-08  1.09999087e+00  8.11500000e-08  1.09971567e+00  8.11500000e-08  1.10000358e+00  8.11500000e-08  1.10000203e+00 
 8.12500000e-08  1.09999087e+00  8.12500000e-08  1.09971714e+00  8.12500000e-08  1.09999485e+00  8.12500000e-08  1.09999709e+00 
 8.13500000e-08  1.09999087e+00  8.13500000e-08  1.09971859e+00  8.13500000e-08  1.09998307e+00  8.13500000e-08  1.09997852e+00 
 8.14500000e-08  1.09999087e+00  8.14500000e-08  1.09971998e+00  8.14500000e-08  1.09995260e+00  8.14500000e-08  1.09995309e+00 
 8.15500000e-08  1.09999087e+00  8.15500000e-08  1.09972128e+00  8.15500000e-08  1.09991615e+00  8.15500000e-08  1.09991649e+00 
 8.16500000e-08  1.09999087e+00  8.16500000e-08  1.09972248e+00  8.16500000e-08  1.09987434e+00  8.16500000e-08  1.09986948e+00 
 8.17500000e-08  1.09999087e+00  8.17500000e-08  1.09972356e+00  8.17500000e-08  1.09981603e+00  8.17500000e-08  1.09981772e+00 
 8.18500000e-08  1.09999087e+00  8.18500000e-08  1.09972448e+00  8.18500000e-08  1.09975820e+00  8.18500000e-08  1.09975586e+00 
 8.19500000e-08  1.09999087e+00  8.19500000e-08  1.09972525e+00  8.19500000e-08  1.09969284e+00  8.19500000e-08  1.09968866e+00 
 8.20500000e-08  1.09999087e+00  8.20500000e-08  1.09972584e+00  8.20500000e-08  1.09961730e+00  8.20500000e-08  1.09961889e+00 
 8.21500000e-08  1.09999087e+00  8.21500000e-08  1.09972625e+00  8.21500000e-08  1.09954711e+00  8.21500000e-08  1.09954217e+00 
 8.22500000e-08  1.09999087e+00  8.22500000e-08  1.09972647e+00  8.22500000e-08  1.09946865e+00  8.22500000e-08  1.09946581e+00 
 8.23500000e-08  1.09999087e+00  8.23500000e-08  1.09972649e+00  8.23500000e-08  1.09938888e+00  8.23500000e-08  1.09938898e+00 
 8.24500000e-08  1.09999087e+00  8.24500000e-08  1.09972632e+00  8.24500000e-08  1.09931673e+00  8.24500000e-08  1.09931002e+00 
 8.25500000e-08  1.09999086e+00  8.25500000e-08  1.09972596e+00  8.25500000e-08  1.09923798e+00  8.25500000e-08  1.09923652e+00 
 8.26500000e-08  1.09999086e+00  8.26500000e-08  1.09972542e+00  8.26500000e-08  1.09916698e+00  8.26500000e-08  1.09916459e+00 
 8.27500000e-08  1.09999086e+00  8.27500000e-08  1.09972471e+00  8.27500000e-08  1.09910328e+00  8.27500000e-08  1.09909613e+00 
 8.28500000e-08  1.09999086e+00  8.28500000e-08  1.09972384e+00  8.28500000e-08  1.09903725e+00  8.28500000e-08  1.09903661e+00 
 8.29500000e-08  1.09999086e+00  8.29500000e-08  1.09972282e+00  8.29500000e-08  1.09898586e+00  8.29500000e-08  1.09898070e+00 
 8.30500000e-08  1.09999086e+00  8.30500000e-08  1.09972168e+00  8.30500000e-08  1.09893972e+00  8.30500000e-08  1.09893345e+00 
 8.31500000e-08  1.09999086e+00  8.31500000e-08  1.09972044e+00  8.31500000e-08  1.09889732e+00  8.31500000e-08  1.09889652e+00 
 8.32500000e-08  1.09999086e+00  8.32500000e-08  1.09971912e+00  8.32500000e-08  1.09887257e+00  8.32500000e-08  1.09886523e+00 
 8.33500000e-08  1.09999086e+00  8.33500000e-08  1.09971774e+00  8.33500000e-08  1.09885062e+00  8.33500000e-08  1.09884615e+00 
 8.34500000e-08  1.09999086e+00  8.34500000e-08  1.09971632e+00  8.34500000e-08  1.09883872e+00  8.34500000e-08  1.09883676e+00 
 8.35500000e-08  1.09999086e+00  8.35500000e-08  1.09971489e+00  8.35500000e-08  1.09884303e+00  8.35500000e-08  1.09883476e+00 
 8.36500000e-08  1.09999086e+00  8.36500000e-08  1.09971348e+00  8.36500000e-08  1.09884851e+00  8.36500000e-08  1.09884606e+00 
 8.37500000e-08  1.09999086e+00  8.37500000e-08  1.09971211e+00  8.37500000e-08  1.09886867e+00  8.37500000e-08  1.09886491e+00 
 8.38500000e-08  1.09999086e+00  8.38500000e-08  1.09971081e+00  8.38500000e-08  1.09889985e+00  8.38500000e-08  1.09889220e+00 
 8.39500000e-08  1.09999085e+00  8.39500000e-08  1.09970958e+00  8.39500000e-08  1.09893204e+00  8.39500000e-08  1.09893113e+00 
 8.40500000e-08  1.09999085e+00  8.40500000e-08  1.09970847e+00  8.40500000e-08  1.09898026e+00  8.40500000e-08  1.09897470e+00 
 8.41500000e-08  1.09999085e+00  8.41500000e-08  1.09970748e+00  8.41500000e-08  1.09903228e+00  8.41500000e-08  1.09902660e+00 
 8.42500000e-08  1.09999085e+00  8.42500000e-08  1.09970662e+00  8.42500000e-08  1.09908646e+00  8.42500000e-08  1.09908611e+00 
 8.43500000e-08  1.09999085e+00  8.43500000e-08  1.09970592e+00  8.43500000e-08  1.09915397e+00  8.43500000e-08  1.09914729e+00 
 8.44500000e-08  1.09999085e+00  8.44500000e-08  1.09970539e+00  8.44500000e-08  1.09921814e+00  8.44500000e-08  1.09921517e+00 
 8.45500000e-08  1.09999085e+00  8.45500000e-08  1.09970502e+00  8.45500000e-08  1.09928608e+00  8.45500000e-08  1.09928523e+00 
 8.46500000e-08  1.09999085e+00  8.46500000e-08  1.09970483e+00  8.46500000e-08  1.09936104e+00  8.46500000e-08  1.09935441e+00 
 8.47500000e-08  1.09999085e+00  8.47500000e-08  1.09970482e+00  8.47500000e-08  1.09942751e+00  8.47500000e-08  1.09942715e+00 
 8.48500000e-08  1.09999085e+00  8.48500000e-08  1.09970498e+00  8.48500000e-08  1.09949859e+00  8.48500000e-08  1.09949645e+00 
 8.49500000e-08  1.09999085e+00  8.49500000e-08  1.09970532e+00  8.49500000e-08  1.09956830e+00  8.49500000e-08  1.09956299e+00 
 8.50500000e-08  1.09999085e+00  8.50500000e-08  1.09970582e+00  8.50500000e-08  1.09962743e+00  8.50500000e-08  1.09962880e+00 
 8.51500000e-08  1.09999085e+00  8.51500000e-08  1.09970647e+00  8.51500000e-08  1.09969025e+00  8.51500000e-08  1.09968664e+00 
 8.52500000e-08  1.09999084e+00  8.52500000e-08  1.09970726e+00  8.52500000e-08  1.09974345e+00  8.52500000e-08  1.09974039e+00 
 8.53500000e-08  1.09999084e+00  8.53500000e-08  1.09970817e+00  8.53500000e-08  1.09978704e+00  8.53500000e-08  1.09978880e+00 
 8.54500000e-08  1.09999084e+00  8.54500000e-08  1.09970919e+00  8.54500000e-08  1.09983131e+00  8.54500000e-08  1.09982665e+00 
 8.55500000e-08  1.09999084e+00  8.55500000e-08  1.09971030e+00  8.55500000e-08  1.09986006e+00  8.55500000e-08  1.09985951e+00 
 8.56500000e-08  1.09999084e+00  8.56500000e-08  1.09971147e+00  8.56500000e-08  1.09988230e+00  8.56500000e-08  1.09988307e+00 
 8.57500000e-08  1.09999084e+00  8.57500000e-08  1.09971269e+00  8.57500000e-08  1.09990064e+00  8.57500000e-08  1.09989582e+00 
 8.58500000e-08  1.09999084e+00  8.58500000e-08  1.09971393e+00  8.58500000e-08  1.09990149e+00  8.58500000e-08  1.09990291e+00 
 8.59500000e-08  1.09999084e+00  8.59500000e-08  1.09971516e+00  8.59500000e-08  1.09989960e+00  8.59500000e-08  1.09989841e+00 
 8.60500000e-08  1.09999084e+00  8.60500000e-08  1.09971638e+00  8.60500000e-08  1.09988893e+00  8.60500000e-08  1.09988493e+00 
 8.61500000e-08  1.09999084e+00  8.61500000e-08  1.09971755e+00  8.61500000e-08  1.09986318e+00  8.61500000e-08  1.09986538e+00 
 8.62500000e-08  1.09999084e+00  8.62500000e-08  1.09971865e+00  8.62500000e-08  1.09983767e+00  8.62500000e-08  1.09983427e+00 
 8.63500000e-08  1.09999084e+00  8.63500000e-08  1.09971966e+00  8.63500000e-08  1.09979988e+00  8.63500000e-08  1.09979740e+00 
 8.64500000e-08  1.09999084e+00  8.64500000e-08  1.09972057e+00  8.64500000e-08  1.09975299e+00  8.64500000e-08  1.09975451e+00 
 8.65500000e-08  1.09999083e+00  8.65500000e-08  1.09972137e+00  8.65500000e-08  1.09970765e+00  8.65500000e-08  1.09970251e+00 
 8.66500000e-08  1.09999083e+00  8.66500000e-08  1.09972203e+00  8.66500000e-08  1.09964933e+00  8.66500000e-08  1.09964849e+00 
 8.67500000e-08  1.09999083e+00  8.67500000e-08  1.09972254e+00  8.67500000e-08  1.09958968e+00  8.67500000e-08  1.09958923e+00 
 8.68500000e-08  1.09999083e+00  8.68500000e-08  1.09972290e+00  8.68500000e-08  1.09953114e+00  8.68500000e-08  1.09952526e+00 
 8.69500000e-08  1.09999083e+00  8.69500000e-08  1.09972310e+00  8.69500000e-08  1.09946242e+00  8.69500000e-08  1.09946267e+00 
 8.70500000e-08  1.09999083e+00  8.70500000e-08  1.09972314e+00  8.70500000e-08  1.09939972e+00  8.70500000e-08  1.09939661e+00 
 8.71500000e-08  1.09999083e+00  8.71500000e-08  1.09972302e+00  8.71500000e-08  1.09933668e+00  8.71500000e-08  1.09933121e+00 
 8.72500000e-08  1.09999083e+00  8.72500000e-08  1.09972273e+00  8.72500000e-08  1.09926935e+00  8.72500000e-08  1.09926967e+00 
 8.73500000e-08  1.09999083e+00  8.73500000e-08  1.09972230e+00  8.73500000e-08  1.09921306e+00  8.73500000e-08  1.09920741e+00 
 8.74500000e-08  1.09999083e+00  8.74500000e-08  1.09972172e+00  8.74500000e-08  1.09915513e+00  8.74500000e-08  1.09915096e+00 
 8.75500000e-08  1.09999083e+00  8.75500000e-08  1.09972100e+00  8.75500000e-08  1.09910048e+00  8.75500000e-08  1.09909971e+00 
 8.76500000e-08  1.09999083e+00  8.76500000e-08  1.09972016e+00  8.76500000e-08  1.09905849e+00  8.76500000e-08  1.09905119e+00 
 8.77500000e-08  1.09999082e+00  8.77500000e-08  1.09971922e+00  8.77500000e-08  1.09901477e+00  8.77500000e-08  1.09901221e+00 
 8.78500000e-08  1.09999082e+00  8.78500000e-08  1.09971818e+00  8.78500000e-08  1.09898157e+00  8.78500000e-08  1.09897883e+00 
 8.79500000e-08  1.09999082e+00  8.79500000e-08  1.09971708e+00  8.79500000e-08  1.09895924e+00  8.79500000e-08  1.09895165e+00 
 8.80500000e-08  1.09999082e+00  8.80500000e-08  1.09971592e+00  8.80500000e-08  1.09893686e+00  8.80500000e-08  1.09893559e+00 
 8.81500000e-08  1.09999082e+00  8.81500000e-08  1.09971473e+00  8.81500000e-08  1.09892985e+00  8.81500000e-08  1.09892486e+00 
 8.82500000e-08  1.09999082e+00  8.82500000e-08  1.09971353e+00  8.82500000e-08  1.09892956e+00  8.82500000e-08  1.09892306e+00 
 8.83500000e-08  1.09999082e+00  8.83500000e-08  1.09971234e+00  8.83500000e-08  1.09893239e+00  8.83500000e-08  1.09893157e+00 
 8.84500000e-08  1.09999082e+00  8.84500000e-08  1.09971118e+00  8.84500000e-08  1.09895161e+00  8.84500000e-08  1.09894485e+00 
 8.85500000e-08  1.09999082e+00  8.85500000e-08  1.09971007e+00  8.85500000e-08  1.09897267e+00  8.85500000e-08  1.09896824e+00 
 8.86500000e-08  1.09999082e+00  8.86500000e-08  1.09970903e+00  8.86500000e-08  1.09900048e+00  8.86500000e-08  1.09899913e+00 
 8.87500000e-08  1.09999082e+00  8.87500000e-08  1.09970808e+00  8.87500000e-08  1.09904156e+00  8.87500000e-08  1.09903412e+00 
 8.88500000e-08  1.09999082e+00  8.88500000e-08  1.09970723e+00  8.88500000e-08  1.09908046e+00  8.88500000e-08  1.09907837e+00 
 8.89500000e-08  1.09999081e+00  8.89500000e-08  1.09970649e+00  8.89500000e-08  1.09912880e+00  8.89500000e-08  1.09912615e+00 
 8.90500000e-08  1.09999081e+00  8.90500000e-08  1.09970588e+00  8.90500000e-08  1.09918399e+00  8.90500000e-08  1.09917723e+00 
 8.91500000e-08  1.09999081e+00  8.91500000e-08  1.09970540e+00  8.91500000e-08  1.09923493e+00  8.91500000e-08  1.09923471e+00 
 8.92500000e-08  1.09999081e+00  8.92500000e-08  1.09970507e+00  8.92500000e-08  1.09929574e+00  8.92500000e-08  1.09929155e+00 
 8.93500000e-08  1.09999081e+00  8.93500000e-08  1.09970489e+00  8.93500000e-08  1.09935550e+00  8.93500000e-08  1.09935064e+00 
 8.94500000e-08  1.09999081e+00  8.94500000e-08  1.09970485e+00  8.94500000e-08  1.09941111e+00  8.94500000e-08  1.09941173e+00 
 8.95500000e-08  1.09999081e+00  8.95500000e-08  1.09970496e+00  8.95500000e-08  1.09947408e+00  8.95500000e-08  1.09946876e+00 
 8.96500000e-08  1.09999081e+00  8.96500000e-08  1.09970522e+00  8.96500000e-08  1.09952882e+00  8.96500000e-08  1.09952651e+00 
 8.97500000e-08  1.09999081e+00  8.97500000e-08  1.09970562e+00  8.97500000e-08  1.09958105e+00  8.97500000e-08  1.09958129e+00 
 8.98500000e-08  1.09999081e+00  8.98500000e-08  1.09970614e+00  8.98500000e-08  1.09963550e+00  8.98500000e-08  1.09962993e+00 
 8.99500000e-08  1.09999081e+00  8.99500000e-08  1.09970678e+00  8.99500000e-08  1.09967711e+00  8.99500000e-08  1.09967721e+00 
 9.00500000e-08  1.09999080e+00  9.00500000e-08  1.09970753e+00  9.00500000e-08  1.09971824e+00  9.00500000e-08  1.09971713e+00 
 9.01500000e-08  1.09999080e+00  9.01500000e-08  1.09970837e+00  9.01500000e-08  1.09975502e+00  9.01500000e-08  1.09975029e+00 
 9.02500000e-08  1.09999080e+00  9.02500000e-08  1.09970928e+00  9.02500000e-08  1.09977803e+00  9.02500000e-08  1.09977966e+00 
 9.03500000e-08  1.09999080e+00  9.03500000e-08  1.09971026e+00  9.03500000e-08  1.09980173e+00  9.03500000e-08  1.09979886e+00 
 9.04500000e-08  1.09999080e+00  9.04500000e-08  1.09971127e+00  9.04500000e-08  1.09981496e+00  9.04500000e-08  1.09981192e+00 
 9.05500000e-08  1.09999080e+00  9.05500000e-08  1.09971230e+00  9.05500000e-08  1.09981702e+00  9.05500000e-08  1.09981885e+00 
 9.06500000e-08  1.09999080e+00  9.06500000e-08  1.09971333e+00  9.06500000e-08  1.09981940e+00  9.06500000e-08  1.09981502e+00 
 9.07500000e-08  1.09999080e+00  9.07500000e-08  1.09971435e+00  9.07500000e-08  1.09980745e+00  9.07500000e-08  1.09980641e+00 
 9.08500000e-08  1.09999080e+00  9.08500000e-08  1.09971533e+00  9.08500000e-08  1.09978938e+00  9.08500000e-08  1.09979004e+00 
 9.09500000e-08  1.09999080e+00  9.09500000e-08  1.09971626e+00  9.09500000e-08  1.09976970e+00  9.09500000e-08  1.09976462e+00 
 9.10500000e-08  1.09999080e+00  9.10500000e-08  1.09971712e+00  9.10500000e-08  1.09973542e+00  9.10500000e-08  1.09973599e+00 
 9.11500000e-08  1.09999079e+00  9.11500000e-08  1.09971789e+00  9.11500000e-08  1.09970076e+00  9.11500000e-08  1.09969928e+00 
 9.12500000e-08  1.09999079e+00  9.12500000e-08  1.09971857e+00  9.12500000e-08  1.09966180e+00  9.12500000e-08  1.09965701e+00 
 9.13500000e-08  1.09999079e+00  9.13500000e-08  1.09971913e+00  9.13500000e-08  1.09961177e+00  9.13500000e-08  1.09961297e+00 
 9.14500000e-08  1.09999079e+00  9.14500000e-08  1.09971957e+00  9.14500000e-08  1.09956608e+00  9.14500000e-08  1.09956218e+00 
 9.15500000e-08  1.09999079e+00  9.15500000e-08  1.09971989e+00  9.15500000e-08  1.09951388e+00  9.15500000e-08  1.09951023e+00 
 9.16500000e-08  1.09999079e+00  9.16500000e-08  1.09972007e+00  9.16500000e-08  1.09945709e+00  9.16500000e-08  1.09945766e+00 
 9.17500000e-08  1.09999079e+00  9.17500000e-08  1.09972012e+00  9.17500000e-08  1.09940710e+00  9.17500000e-08  1.09940128e+00 
 9.18500000e-08  1.09999079e+00  9.18500000e-08  1.09972004e+00  9.18500000e-08  1.09935011e+00  9.18500000e-08  1.09934796e+00 
 9.19500000e-08  1.09999079e+00  9.19500000e-08  1.09971981e+00  9.19500000e-08  1.09929619e+00  9.19500000e-08  1.09929500e+00 
 9.20500000e-08  1.09999079e+00  9.20500000e-08  1.09971946e+00  9.20500000e-08  1.09924897e+00  9.20500000e-08  1.09924229e+00 
 9.21500000e-08  1.09999079e+00  9.21500000e-08  1.09971899e+00  9.21500000e-08  1.09919667e+00  9.21500000e-08  1.09919574e+00 
 9.22500000e-08  1.09999078e+00  9.22500000e-08  1.09971839e+00  9.22500000e-08  1.09915417e+00  9.22500000e-08  1.09915060e+00 
 9.23500000e-08  1.09999078e+00  9.23500000e-08  1.09971770e+00  9.23500000e-08  1.09911627e+00  9.23500000e-08  1.09910998e+00 
 9.24500000e-08  1.09999078e+00  9.24500000e-08  1.09971692e+00  9.24500000e-08  1.09907749e+00  9.24500000e-08  1.09907702e+00 
 9.25500000e-08  1.09999078e+00  9.25500000e-08  1.09971605e+00  9.25500000e-08  1.09905249e+00  9.25500000e-08  1.09904667e+00 
 9.26500000e-08  1.09999078e+00  9.26500000e-08  1.09971513e+00  9.26500000e-08  1.09902924e+00  9.26500000e-08  1.09902437e+00 
 9.27500000e-08  1.09999078e+00  9.27500000e-08  1.09971416e+00  9.27500000e-08  1.09901055e+00  9.27500000e-08  1.09900951e+00 
 9.28500000e-08  1.09999078e+00  9.28500000e-08  1.09971316e+00  9.28500000e-08  1.09900586e+00  9.28500000e-08  1.09899863e+00 
 9.29500000e-08  1.09999078e+00  9.29500000e-08  1.09971216e+00  9.29500000e-08  1.09900066e+00  9.29500000e-08  1.09899769e+00 
 9.30500000e-08  1.09999078e+00  9.30500000e-08  1.09971115e+00  9.30500000e-08  1.09900507e+00  9.30500000e-08  1.09900262e+00 
 9.31500000e-08  1.09999078e+00  9.31500000e-08  1.09971017e+00  9.31500000e-08  1.09902015e+00  9.31500000e-08  1.09901280e+00 
 9.32500000e-08  1.09999077e+00  9.32500000e-08  1.09970923e+00  9.32500000e-08  1.09903394e+00  9.32500000e-08  1.09903266e+00 
 9.33500000e-08  1.09999077e+00  9.33500000e-08  1.09970834e+00  9.33500000e-08  1.09906036e+00  9.33500000e-08  1.09905613e+00 
 9.34500000e-08  1.09999077e+00  9.34500000e-08  1.09970753e+00  9.34500000e-08  1.09909173e+00  9.34500000e-08  1.09908559e+00 
 9.35500000e-08  1.09999077e+00  9.35500000e-08  1.09970680e+00  9.35500000e-08  1.09912273e+00  9.35500000e-08  1.09912237e+00 
 9.36500000e-08  1.09999077e+00  9.36500000e-08  1.09970616e+00  9.36500000e-08  1.09916617e+00  9.36500000e-08  1.09916043e+00 
 9.37500000e-08  1.09999077e+00  9.37500000e-08  1.09970563e+00  9.37500000e-08  1.09920825e+00  9.37500000e-08  1.09920426e+00 
 9.38500000e-08  1.09999077e+00  9.38500000e-08  1.09970521e+00  9.38500000e-08  1.09925202e+00  9.38500000e-08  1.09925153e+00 
 9.39500000e-08  1.09999077e+00  9.39500000e-08  1.09970491e+00  9.39500000e-08  1.09930460e+00  9.39500000e-08  1.09929821e+00 
 9.40500000e-08  1.09999077e+00  9.40500000e-08  1.09970473e+00  9.40500000e-08  1.09935075e+00  9.40500000e-08  1.09934917e+00 
 9.41500000e-08  1.09999077e+00  9.41500000e-08  1.09970468e+00  9.41500000e-08  1.09940064e+00  9.41500000e-08  1.09939912e+00 
 9.42500000e-08  1.09999076e+00  9.42500000e-08  1.09970475e+00  9.42500000e-08  1.09945312e+00  9.42500000e-08  1.09944726e+00 
 9.43500000e-08  1.09999076e+00  9.43500000e-08  1.09970494e+00  9.43500000e-08  1.09949665e+00  9.43500000e-08  1.09949700e+00 
 9.44500000e-08  1.09999076e+00  9.44500000e-08  1.09970525e+00  9.44500000e-08  1.09954477e+00  9.44500000e-08  1.09954174e+00 
 9.45500000e-08  1.09999076e+00  9.45500000e-08  1.09970568e+00  9.45500000e-08  1.09958833e+00  9.45500000e-08  1.09958405e+00 
 9.46500000e-08  1.09999076e+00  9.46500000e-08  1.09970619e+00  9.46500000e-08  1.09962330e+00  9.46500000e-08  1.09962449e+00 
 9.47500000e-08  1.09999076e+00  9.47500000e-08  1.09970680e+00  9.47500000e-08  1.09966173e+00  9.47500000e-08  1.09965735e+00 
 9.48500000e-08  1.09999076e+00  9.48500000e-08  1.09970750e+00  9.48500000e-08  1.09968952e+00  9.48500000e-08  1.09968742e+00 
 9.49500000e-08  1.09999076e+00  9.49500000e-08  1.09970825e+00  9.49500000e-08  1.09971140e+00  9.49500000e-08  1.09971217e+00 
 9.50500000e-08  1.09999076e+00  9.50500000e-08  1.09970905e+00  9.50500000e-08  1.09973360e+00  9.50500000e-08  1.09972856e+00 
 9.51500000e-08  1.09999076e+00  9.51500000e-08  1.09970989e+00  9.51500000e-08  1.09974190e+00  9.51500000e-08  1.09974188e+00 
 9.52500000e-08  1.09999075e+00  9.52500000e-08  1.09971075e+00  9.52500000e-08  1.09974796e+00  9.52500000e-08  1.09974724e+00 
 9.53500000e-08  1.09999075e+00  9.53500000e-08  1.09971161e+00  9.53500000e-08  1.09975002e+00  9.53500000e-08  1.09974528e+00 
 9.54500000e-08  1.09999075e+00  9.54500000e-08  1.09971247e+00  9.54500000e-08  1.09973860e+00  9.54500000e-08  1.09973987e+00 
 9.55500000e-08  1.09999075e+00  9.55500000e-08  1.09971329e+00  9.55500000e-08  1.09972820e+00  9.55500000e-08  1.09972546e+00 
 9.56500000e-08  1.09999075e+00  9.56500000e-08  1.09971407e+00  9.56500000e-08  1.09970967e+00  9.56500000e-08  1.09970610e+00 
 9.57500000e-08  1.09999075e+00  9.57500000e-08  1.09971479e+00  9.57500000e-08  1.09968155e+00  9.57500000e-08  1.09968289e+00 
 9.58500000e-08  1.09999075e+00  9.58500000e-08  1.09971545e+00  9.58500000e-08  1.09965616e+00  9.58500000e-08  1.09965159e+00 
 9.59500000e-08  1.09999075e+00  9.59500000e-08  1.09971602e+00  9.59500000e-08  1.09962024e+00  9.59500000e-08  1.09961828e+00 
 9.60500000e-08  1.09999075e+00  9.60500000e-08  1.09971650e+00  9.60500000e-08  1.09958088e+00  9.60500000e-08  1.09958101e+00 
 9.61500000e-08  1.09999074e+00  9.61500000e-08  1.09971689e+00  9.61500000e-08  1.09954402e+00  9.61500000e-08  1.09953839e+00 
 9.62500000e-08  1.09999074e+00  9.62500000e-08  1.09971716e+00  9.62500000e-08  1.09949703e+00  9.62500000e-08  1.09949651e+00 
 9.63500000e-08  1.09999074e+00  9.63500000e-08  1.09971733e+00  9.63500000e-08  1.09945314e+00  9.63500000e-08  1.09945117e+00 
 9.64500000e-08  1.09999074e+00  9.64500000e-08  1.09971738e+00  9.64500000e-08  1.09941005e+00  9.64500000e-08  1.09940443e+00 
 9.65500000e-08  1.09999074e+00  9.65500000e-08  1.09971732e+00  9.65500000e-08  1.09936024e+00  9.65500000e-08  1.09936042e+00 
 9.66500000e-08  1.09999074e+00  9.66500000e-08  1.09971714e+00  9.66500000e-08  1.09931865e+00  9.66500000e-08  1.09931432e+00 
 9.67500000e-08  1.09999074e+00  9.67500000e-08  1.09971686e+00  9.67500000e-08  1.09927568e+00  9.67500000e-08  1.09927104e+00 
 9.68500000e-08  1.09999074e+00  9.68500000e-08  1.09971647e+00  9.68500000e-08  1.09923169e+00  9.68500000e-08  1.09923150e+00 
 9.69500000e-08  1.09999074e+00  9.69500000e-08  1.09971599e+00  9.69500000e-08  1.09919827e+00  9.69500000e-08  1.09919207e+00 
 9.70500000e-08  1.09999074e+00  9.70500000e-08  1.09971541e+00  9.70500000e-08  1.09916205e+00  9.70500000e-08  1.09915896e+00 
 9.71500000e-08  1.09999073e+00  9.71500000e-08  1.09971476e+00  9.71500000e-08  1.09913127e+00  9.71500000e-08  1.09912970e+00 
 9.72500000e-08  1.09999073e+00  9.72500000e-08  1.09971404e+00  9.72500000e-08  1.09911026e+00  9.72500000e-08  1.09910325e+00 
 9.73500000e-08  1.09999073e+00  9.73500000e-08  1.09971327e+00  9.73500000e-08  1.09908670e+00  9.73500000e-08  1.09908509e+00 
 9.74500000e-08  1.09999073e+00  9.74500000e-08  1.09971246e+00  9.74500000e-08  1.09907388e+00  9.74500000e-08  1.09907035e+00 
 9.75500000e-08  1.09999073e+00  9.75500000e-08  1.09971162e+00  9.75500000e-08  1.09906754e+00  9.75500000e-08  1.09906101e+00 
 9.76500000e-08  1.09999073e+00  9.76500000e-08  1.09971077e+00  9.76500000e-08  1.09906074e+00  9.76500000e-08  1.09906000e+00 
 9.77500000e-08  1.09999073e+00  9.77500000e-08  1.09970992e+00  9.77500000e-08  1.09906727e+00  9.77500000e-08  1.09906183e+00 
 9.78500000e-08  1.09999073e+00  9.78500000e-08  1.09970909e+00  9.78500000e-08  1.09907584e+00  9.78500000e-08  1.09907086e+00 
 9.79500000e-08  1.09999073e+00  9.79500000e-08  1.09970829e+00  9.79500000e-08  1.09908727e+00  9.79500000e-08  1.09908647e+00 
 9.80500000e-08  1.09999072e+00  9.80500000e-08  1.09970754e+00  9.80500000e-08  1.09911109e+00  9.80500000e-08  1.09910445e+00 
 9.81500000e-08  1.09999072e+00  9.81500000e-08  1.09970684e+00  9.81500000e-08  1.09913290e+00  9.81500000e-08  1.09913001e+00 
 9.82500000e-08  1.09999072e+00  9.82500000e-08  1.09970621e+00  9.82500000e-08  1.09916096e+00  9.82500000e-08  1.09915919e+00 
 9.83500000e-08  1.09999072e+00  9.83500000e-08  1.09970566e+00  9.83500000e-08  1.09919717e+00  9.83500000e-08  1.09919048e+00 
 9.84500000e-08  1.09999072e+00  9.84500000e-08  1.09970520e+00  9.84500000e-08  1.09922899e+00  9.84500000e-08  1.09922802e+00 
 9.85500000e-08  1.09999072e+00  9.85500000e-08  1.09970482e+00  9.85500000e-08  1.09926910e+00  9.85500000e-08  1.09926584e+00 
 9.86500000e-08  1.09999072e+00  9.86500000e-08  1.09970456e+00  9.86500000e-08  1.09931107e+00  9.86500000e-08  1.09930552e+00 
 9.87500000e-08  1.09999072e+00  9.87500000e-08  1.09970439e+00  9.87500000e-08  1.09934844e+00  9.87500000e-08  1.09934863e+00 
 9.88500000e-08  1.09999072e+00  9.88500000e-08  1.09970432e+00  9.88500000e-08  1.09939377e+00  9.88500000e-08  1.09938910e+00 
 9.89500000e-08  1.09999071e+00  9.89500000e-08  1.09970437e+00  9.89500000e-08  1.09943446e+00  9.89500000e-08  1.09943093e+00 
 9.90500000e-08  1.09999071e+00  9.90500000e-08  1.09970451e+00  9.90500000e-08  1.09947219e+00  9.90500000e-08  1.09947244e+00 
 9.91500000e-08  1.09999071e+00  9.91500000e-08  1.09970475e+00  9.91500000e-08  1.09951490e+00  9.91500000e-08  1.09950944e+00 
 9.92500000e-08  1.09999071e+00  9.92500000e-08  1.09970509e+00  9.92500000e-08  1.09954808e+00  9.92500000e-08  1.09954681e+00 
 9.93500000e-08  1.09999071e+00  9.93500000e-08  1.09970550e+00  9.93500000e-08  1.09958077e+00  9.93500000e-08  1.09958005e+00 
 9.94500000e-08  1.09999071e+00  9.94500000e-08  1.09970600e+00  9.94500000e-08  1.09961347e+00  9.94500000e-08  1.09960819e+00 
 9.95500000e-08  1.09999071e+00  9.95500000e-08  1.09970657e+00  9.95500000e-08  1.09963463e+00  9.95500000e-08  1.09963514e+00 
 9.96500000e-08  1.09999071e+00  9.96500000e-08  1.09970719e+00  9.96500000e-08  1.09965741e+00  9.96500000e-08  1.09965508e+00 
 9.97500000e-08  1.09999070e+00  9.97500000e-08  1.09970785e+00  9.97500000e-08  1.09967454e+00  9.97500000e-08  1.09967042e+00 
 9.98500000e-08  1.09999070e+00  9.98500000e-08  1.09970855e+00  9.98500000e-08  1.09968141e+00  9.98500000e-08  1.09968267e+00 
 9.99500000e-08  1.09999070e+00  9.99500000e-08  1.09970926e+00  9.99500000e-08  1.09969057e+00  9.99500000e-08  1.09968662e+00 
 1.00050000e-07  1.09999070e+00  1.00050000e-07  1.09970998e+00  1.00050000e-07  1.09968952e+00  1.00050000e-07  1.09968715e+00 
 1.00150000e-07  1.09999070e+00  1.00150000e-07  1.09971069e+00  1.00150000e-07  1.09968207e+00  1.00150000e-07  1.09968282e+00 
 1.00250000e-07  1.09999070e+00  1.00250000e-07  1.09971138e+00  1.00250000e-07  1.09967579e+00  1.00250000e-07  1.09967079e+00 
 1.00350000e-07  1.09999070e+00  1.00350000e-07  1.09971204e+00  1.00350000e-07  1.09965730e+00  1.00350000e-07  1.09965669e+00 
 1.00450000e-07  1.09999070e+00  1.00450000e-07  1.09971265e+00  1.00450000e-07  1.09963746e+00  1.00450000e-07  1.09963663e+00 
 1.00550000e-07  1.09999070e+00  1.00550000e-07  1.09971320e+00  1.00550000e-07  1.09961628e+00  1.00550000e-07  1.09961115e+00 
 1.00650000e-07  1.09999069e+00  1.00650000e-07  1.09971369e+00  1.00650000e-07  1.09958419e+00  1.00650000e-07  1.09958472e+00 
 1.00750000e-07  1.09999069e+00  1.00750000e-07  1.09971410e+00  1.00750000e-07  1.09955535e+00  1.00750000e-07  1.09955240e+00 
 1.00850000e-07  1.09999069e+00  1.00850000e-07  1.09971443e+00  1.00850000e-07  1.09952231e+00  1.00850000e-07  1.09951799e+00 
 1.00950000e-07  1.09999069e+00  1.00950000e-07  1.09971467e+00  1.00950000e-07  1.09948269e+00  1.00950000e-07  1.09948330e+00 
 1.01050000e-07  1.09999069e+00  1.01050000e-07  1.09971482e+00  1.01050000e-07  1.09944912e+00  1.01050000e-07  1.09944421e+00 
 1.01150000e-07  1.09999069e+00  1.01150000e-07  1.09971487e+00  1.01150000e-07  1.09940943e+00  1.01150000e-07  1.09940651e+00 
 1.01250000e-07  1.09999069e+00  1.01250000e-07  1.09971483e+00  1.01250000e-07  1.09936932e+00  1.01250000e-07  1.09936888e+00 
 1.01350000e-07  1.09999069e+00  1.01350000e-07  1.09971469e+00  1.01350000e-07  1.09933566e+00  1.01350000e-07  1.09932954e+00 
 1.01450000e-07  1.09999068e+00  1.01450000e-07  1.09971446e+00  1.01450000e-07  1.09929590e+00  1.01450000e-07  1.09929441e+00 
 1.01550000e-07  1.09999068e+00  1.01550000e-07  1.09971414e+00  1.01550000e-07  1.09926196e+00  1.01550000e-07  1.09925963e+00 
 1.01650000e-07  1.09999068e+00  1.01650000e-07  1.09971374e+00  1.01650000e-07  1.09923269e+00  1.01650000e-07  1.09922649e+00 
 1.01750000e-07  1.09999068e+00  1.01750000e-07  1.09971327e+00  1.01750000e-07  1.09919969e+00  1.01750000e-07  1.09919910e+00 
 1.01850000e-07  1.09999068e+00  1.01850000e-07  1.09971272e+00  1.01850000e-07  1.09917701e+00  1.01850000e-07  1.09917255e+00 
 1.01950000e-07  1.09999068e+00  1.01950000e-07  1.09971213e+00  1.01950000e-07  1.09915607e+00  1.01950000e-07  1.09915085e+00 
 1.02000000e-07  1.09999068e+00  1.02000000e-07  1.09971181e+00  1.02000000e-07  1.09914376e+00  1.02000000e-07  1.09914296e+00 
 1.02010000e-07  1.09999068e+00  1.02010000e-07  1.09971174e+00  1.02010000e-07  1.09914215e+00  1.02010000e-07  1.09914200e+00 
 1.02030000e-07  1.09999068e+00  1.02030000e-07  1.09971161e+00  1.02030000e-07  1.09914017e+00  1.02030000e-07  1.09914119e+00 
 1.02070000e-07  1.09999068e+00  1.02070000e-07  1.09971135e+00  1.02070000e-07  1.09914446e+00  1.02070000e-07  1.09914591e+00 
 1.02150000e-07  1.09999068e+00  1.02150000e-07  1.09971087e+00  1.02150000e-07  1.09918281e+00  1.02150000e-07  1.09918182e+00 
 1.02250000e-07  1.09999067e+00  1.02250000e-07  1.09971044e+00  1.02250000e-07  1.09927785e+00  1.02250000e-07  1.09927882e+00 
 1.02350000e-07  1.09999067e+00  1.02350000e-07  1.09971031e+00  1.02350000e-07  1.09942819e+00  1.02350000e-07  1.09943023e+00 
 1.02450000e-07  1.09999067e+00  1.02450000e-07  1.09971063e+00  1.02450000e-07  1.09963245e+00  1.02450000e-07  1.09963284e+00 
 1.02550000e-07  1.09999067e+00  1.02550000e-07  1.09971151e+00  1.02550000e-07  1.09988151e+00  1.02550000e-07  1.09988528e+00 
 1.02650000e-07  1.09999067e+00  1.02650000e-07  1.09971307e+00  1.02650000e-07  1.10017701e+00  1.02650000e-07  1.10018074e+00 
 1.02750000e-07  1.09999067e+00  1.02750000e-07  1.09971541e+00  1.02750000e-07  1.10051136e+00  1.02750000e-07  1.10051501e+00 
 1.02850000e-07  1.09999067e+00  1.02850000e-07  1.09971862e+00  1.02850000e-07  1.10087597e+00  1.02850000e-07  1.10088342e+00 
 1.02950000e-07  1.09999067e+00  1.02950000e-07  1.09972277e+00  1.02950000e-07  1.10127065e+00  1.02950000e-07  1.10127717e+00 
 1.03050000e-07  1.09999066e+00  1.03050000e-07  1.09972791e+00  1.03050000e-07  1.10168333e+00  1.03050000e-07  1.10169160e+00 
 1.03150000e-07  1.09999066e+00  1.03150000e-07  1.09973409e+00  1.03150000e-07  1.10210786e+00  1.03150000e-07  1.10211928e+00 
 1.03250000e-07  1.09999066e+00  1.03250000e-07  1.09974132e+00  1.03250000e-07  1.10254113e+00  1.03250000e-07  1.10255132e+00 
 1.03350000e-07  1.09999066e+00  1.03350000e-07  1.09974961e+00  1.03350000e-07  1.10296953e+00  1.03350000e-07  1.10298295e+00 
 1.03450000e-07  1.09999066e+00  1.03450000e-07  1.09975893e+00  1.03450000e-07  1.10339015e+00  1.03450000e-07  1.10340527e+00 
 1.03550000e-07  1.09999066e+00  1.03550000e-07  1.09976927e+00  1.03550000e-07  1.10379669e+00  1.03550000e-07  1.10381100e+00 
 1.03650000e-07  1.09999066e+00  1.03650000e-07  1.09978055e+00  1.03650000e-07  1.10417734e+00  1.03650000e-07  1.10419553e+00 
 1.03750000e-07  1.09999066e+00  1.03750000e-07  1.09979273e+00  1.03750000e-07  1.10453207e+00  1.03750000e-07  1.10455021e+00 
 1.03850000e-07  1.09999065e+00  1.03850000e-07  1.09980571e+00  1.03850000e-07  1.10485225e+00  1.03850000e-07  1.10487055e+00 
 1.03950000e-07  1.09999065e+00  1.03950000e-07  1.09981941e+00  1.03950000e-07  1.10513068e+00  1.03950000e-07  1.10515244e+00 
 1.04000000e-07  1.09999065e+00  1.04000000e-07  1.09982649e+00  1.04000000e-07  1.10525588e+00  1.04000000e-07  1.10527655e+00 
 1.04010000e-07  1.09999065e+00  1.04010000e-07  1.09982793e+00  1.04010000e-07  1.10527942e+00  1.04010000e-07  1.10529902e+00 
 1.04030000e-07  1.09999065e+00  1.04030000e-07  1.09983081e+00  1.04030000e-07  1.10532484e+00  1.04030000e-07  1.10534185e+00 
 1.04070000e-07  1.09999065e+00  1.04070000e-07  1.09983664e+00  1.04070000e-07  1.10540225e+00  1.04070000e-07  1.10541610e+00 
 1.04150000e-07  1.09999065e+00  1.04150000e-07  1.09984845e+00  1.04150000e-07  1.10550013e+00  1.04150000e-07  1.10551961e+00 
 1.04250000e-07  1.09999065e+00  1.04250000e-07  1.09986334e+00  1.04250000e-07  1.10553629e+00  1.04250000e-07  1.10555558e+00 
 1.04350000e-07  1.09999065e+00  1.04350000e-07  1.09987815e+00  1.04350000e-07  1.10547457e+00  1.04350000e-07  1.10548900e+00 
 1.04450000e-07  1.09999065e+00  1.04450000e-07  1.09989263e+00  1.04450000e-07  1.10530572e+00  1.04450000e-07  1.10532622e+00 
 1.04550000e-07  1.09999065e+00  1.04550000e-07  1.09990654e+00  1.04550000e-07  1.10504898e+00  1.04550000e-07  1.10506471e+00 
 1.04650000e-07  1.09999064e+00  1.04650000e-07  1.09991965e+00  1.04650000e-07  1.10470019e+00  1.04650000e-07  1.10471356e+00 
 1.04750000e-07  1.09999064e+00  1.04750000e-07  1.09993174e+00  1.04750000e-07  1.10426319e+00  1.04750000e-07  1.10428088e+00 
 1.04850000e-07  1.09999064e+00  1.04850000e-07  1.09994261e+00  1.04850000e-07  1.10375972e+00  1.04850000e-07  1.10376960e+00 
 1.04950000e-07  1.09999064e+00  1.04950000e-07  1.09995211e+00  1.04950000e-07  1.10318457e+00  1.04950000e-07  1.10319521e+00 
 1.05050000e-07  1.09999064e+00  1.05050000e-07  1.09996006e+00  1.05050000e-07  1.10255446e+00  1.05050000e-07  1.10256593e+00 
 1.05150000e-07  1.09999064e+00  1.05150000e-07  1.09996637e+00  1.05150000e-07  1.10188760e+00  1.05150000e-07  1.10189066e+00 
 1.05250000e-07  1.09999064e+00  1.05250000e-07  1.09997094e+00  1.05250000e-07  1.10118129e+00  1.05250000e-07  1.10118761e+00 
 1.05350000e-07  1.09999063e+00  1.05350000e-07  1.09997371e+00  1.05350000e-07  1.10046124e+00  1.05350000e-07  1.10046426e+00 
 1.05450000e-07  1.09999063e+00  1.05450000e-07  1.09997466e+00  1.05450000e-07  1.09973796e+00  1.05450000e-07  1.09973450e+00 
 1.05550000e-07  1.09999063e+00  1.05550000e-07  1.09997379e+00  1.05550000e-07  1.09901446e+00  1.05550000e-07  1.09901520e+00 
 1.05650000e-07  1.09999063e+00  1.05650000e-07  1.09997114e+00  1.05650000e-07  1.09831886e+00  1.05650000e-07  1.09831291e+00 
 1.05750000e-07  1.09999063e+00  1.05750000e-07  1.09996679e+00  1.05750000e-07  1.09765281e+00  1.05750000e-07  1.09764410e+00 
 1.05850000e-07  1.09999063e+00  1.05850000e-07  1.09996083e+00  1.05850000e-07  1.09702642e+00  1.05850000e-07  1.09702095e+00 
 1.05950000e-07  1.09999063e+00  1.05950000e-07  1.09995339e+00  1.05950000e-07  1.09646284e+00  1.05950000e-07  1.09644920e+00 
 1.06050000e-07  1.09999063e+00  1.06050000e-07  1.09994463e+00  1.06050000e-07  1.09595670e+00  1.06050000e-07  1.09594454e+00 
 1.06150000e-07  1.09999062e+00  1.06150000e-07  1.09993471e+00  1.06150000e-07  1.09552386e+00  1.06150000e-07  1.09551247e+00 
 1.06250000e-07  1.09999062e+00  1.06250000e-07  1.09992383e+00  1.06250000e-07  1.09517660e+00  1.06250000e-07  1.09515804e+00 
 1.06350000e-07  1.09999062e+00  1.06350000e-07  1.09991220e+00  1.06350000e-07  1.09490628e+00  1.06350000e-07  1.09489260e+00 
 1.06450000e-07  1.09999062e+00  1.06450000e-07  1.09990004e+00  1.06450000e-07  1.09473070e+00  1.06450000e-07  1.09471478e+00 
 1.06550000e-07  1.09999062e+00  1.06550000e-07  1.09988759e+00  1.06550000e-07  1.09464843e+00  1.06550000e-07  1.09462859e+00 
 1.06650000e-07  1.09999062e+00  1.06650000e-07  1.09987506e+00  1.06650000e-07  1.09465175e+00  1.06650000e-07  1.09463829e+00 
 1.06750000e-07  1.09999062e+00  1.06750000e-07  1.09986269e+00  1.06750000e-07  1.09475502e+00  1.06750000e-07  1.09473698e+00 
 1.06850000e-07  1.09999061e+00  1.06850000e-07  1.09985071e+00  1.06850000e-07  1.09494426e+00  1.06850000e-07  1.09492683e+00 
 1.06950000e-07  1.09999061e+00  1.06950000e-07  1.09983934e+00  1.06950000e-07  1.09521557e+00  1.06950000e-07  1.09520377e+00 
 1.07050000e-07  1.09999061e+00  1.07050000e-07  1.09982878e+00  1.07050000e-07  1.09557486e+00  1.07050000e-07  1.09555777e+00 
 1.07150000e-07  1.09999061e+00  1.07150000e-07  1.09981922e+00  1.07150000e-07  1.09600009e+00  1.07150000e-07  1.09598799e+00 
 1.07250000e-07  1.09999061e+00  1.07250000e-07  1.09981083e+00  1.07250000e-07  1.09649185e+00  1.07250000e-07  1.09648283e+00 
 1.07350000e-07  1.09999061e+00  1.07350000e-07  1.09980377e+00  1.07350000e-07  1.09704460e+00  1.07350000e-07  1.09703163e+00 
 1.07450000e-07  1.09999061e+00  1.07450000e-07  1.09979815e+00  1.07450000e-07  1.09763473e+00  1.07450000e-07  1.09762961e+00 
 1.07550000e-07  1.09999060e+00  1.07550000e-07  1.09979406e+00  1.07550000e-07  1.09826561e+00  1.07550000e-07  1.09826025e+00 
 1.07650000e-07  1.09999060e+00  1.07650000e-07  1.09979159e+00  1.07650000e-07  1.09892054e+00  1.07650000e-07  1.09891424e+00 
 1.07750000e-07  1.09999060e+00  1.07750000e-07  1.09979077e+00  1.07750000e-07  1.09958065e+00  1.07750000e-07  1.09958269e+00 
 1.07850000e-07  1.09999060e+00  1.07850000e-07  1.09979161e+00  1.07850000e-07  1.10024889e+00  1.07850000e-07  1.10024784e+00 
 1.07950000e-07  1.09999060e+00  1.07950000e-07  1.09979410e+00  1.07950000e-07  1.10090113e+00  1.07950000e-07  1.10090285e+00 
 1.08050000e-07  1.09999060e+00  1.08050000e-07  1.09979817e+00  1.08050000e-07  1.10152754e+00  1.08050000e-07  1.10153559e+00 
 1.08150000e-07  1.09999060e+00  1.08150000e-07  1.09980377e+00  1.08150000e-07  1.10212740e+00  1.08150000e-07  1.10213099e+00 
 1.08250000e-07  1.09999060e+00  1.08250000e-07  1.09981078e+00  1.08250000e-07  1.10267530e+00  1.08250000e-07  1.10268480e+00 
 1.08350000e-07  1.09999059e+00  1.08350000e-07  1.09981908e+00  1.08350000e-07  1.10317166e+00  1.08350000e-07  1.10318367e+00 
 1.08450000e-07  1.09999059e+00  1.08450000e-07  1.09982853e+00  1.08450000e-07  1.10361022e+00  1.08450000e-07  1.10361834e+00 
 1.08550000e-07  1.09999059e+00  1.08550000e-07  1.09983894e+00  1.08550000e-07  1.10397116e+00  1.08550000e-07  1.10398660e+00 
 1.08650000e-07  1.09999059e+00  1.08650000e-07  1.09985015e+00  1.08650000e-07  1.10426309e+00  1.08650000e-07  1.10427669e+00 
 1.08750000e-07  1.09999059e+00  1.08750000e-07  1.09986195e+00  1.08750000e-07  1.10447481e+00  1.08750000e-07  1.10448670e+00 
 1.08850000e-07  1.09999059e+00  1.08850000e-07  1.09987414e+00  1.08850000e-07  1.10459747e+00  1.08850000e-07  1.10461579e+00 
 1.08950000e-07  1.09999059e+00  1.08950000e-07  1.09988650e+00  1.08950000e-07  1.10464367e+00  1.08950000e-07  1.10465666e+00 
 1.09050000e-07  1.09999058e+00  1.09050000e-07  1.09989883e+00  1.09050000e-07  1.10460023e+00  1.09050000e-07  1.10461443e+00 
 1.09150000e-07  1.09999058e+00  1.09150000e-07  1.09991092e+00  1.09150000e-07  1.10447164e+00  1.09150000e-07  1.10448923e+00 
 1.09250000e-07  1.09999058e+00  1.09250000e-07  1.09992255e+00  1.09250000e-07  1.10426970e+00  1.09250000e-07  1.10428038e+00 
 1.09350000e-07  1.09999058e+00  1.09350000e-07  1.09993354e+00  1.09350000e-07  1.10398374e+00  1.09350000e-07  1.10399810e+00 
 1.09450000e-07  1.09999058e+00  1.09450000e-07  1.09994371e+00  1.09450000e-07  1.10363015e+00  1.09450000e-07  1.10364367e+00 
 1.09550000e-07  1.09999058e+00  1.09550000e-07  1.09995288e+00  1.09550000e-07  1.10321631e+00  1.09550000e-07  1.10322364e+00 
 1.09650000e-07  1.09999057e+00  1.09650000e-07  1.09996091e+00  1.09650000e-07  1.10273849e+00  1.09650000e-07  1.10275054e+00 
 1.09750000e-07  1.09999057e+00  1.09750000e-07  1.09996766e+00  1.09750000e-07  1.10222023e+00  1.09750000e-07  1.10222731e+00 
 1.09850000e-07  1.09999057e+00  1.09850000e-07  1.09997306e+00  1.09850000e-07  1.10166318e+00  1.09850000e-07  1.10166669e+00 
 1.09950000e-07  1.09999057e+00  1.09950000e-07  1.09997700e+00  1.09950000e-07  1.10107325e+00  1.09950000e-07  1.10108059e+00 
 1.10050000e-07  1.09999057e+00  1.10050000e-07  1.09997944e+00  1.10050000e-07  1.10047453e+00  1.10050000e-07  1.10047421e+00 
 1.10150000e-07  1.09999057e+00  1.10150000e-07  1.09998035e+00  1.10150000e-07  1.09986418e+00  1.10150000e-07  1.09986382e+00 
 1.10250000e-07  1.09999057e+00  1.10250000e-07  1.09997974e+00  1.10250000e-07  1.09925756e+00  1.10250000e-07  1.09925847e+00 
 1.10350000e-07  1.09999056e+00  1.10350000e-07  1.09997764e+00  1.10350000e-07  1.09867293e+00  1.10350000e-07  1.09866582e+00 
 1.10450000e-07  1.09999056e+00  1.10450000e-07  1.09997410e+00  1.10450000e-07  1.09810602e+00  1.10450000e-07  1.09810201e+00 
 1.10550000e-07  1.09999056e+00  1.10550000e-07  1.09996919e+00  1.10550000e-07  1.09757830e+00  1.10550000e-07  1.09757221e+00 
 1.10650000e-07  1.09999056e+00  1.10650000e-07  1.09996303e+00  1.10650000e-07  1.09709795e+00  1.10650000e-07  1.09708588e+00 
 1.10750000e-07  1.09999056e+00  1.10750000e-07  1.09995574e+00  1.10750000e-07  1.09666271e+00  1.10750000e-07  1.09665545e+00 
 1.10850000e-07  1.09999056e+00  1.10850000e-07  1.09994746e+00  1.10850000e-07  1.09629457e+00  1.10850000e-07  1.09628229e+00 
 1.10950000e-07  1.09999056e+00  1.10950000e-07  1.09993835e+00  1.10950000e-07  1.09599060e+00  1.10950000e-07  1.09597615e+00 
 1.11050000e-07  1.09999055e+00  1.11050000e-07  1.09992859e+00  1.11050000e-07  1.09575294e+00  1.11050000e-07  1.09574305e+00 
 1.11150000e-07  1.09999055e+00  1.11150000e-07  1.09991836e+00  1.11150000e-07  1.09559789e+00  1.11150000e-07  1.09558156e+00 
 1.11250000e-07  1.09999055e+00  1.11250000e-07  1.09990785e+00  1.11250000e-07  1.09551370e+00  1.11250000e-07  1.09549954e+00 
 1.11350000e-07  1.09999055e+00  1.11350000e-07  1.09989725e+00  1.11350000e-07  1.09550713e+00  1.11350000e-07  1.09549554e+00 
 1.11450000e-07  1.09999055e+00  1.11450000e-07  1.09988676e+00  1.11450000e-07  1.09558393e+00  1.11450000e-07  1.09556659e+00 
 1.11550000e-07  1.09999055e+00  1.11550000e-07  1.09987657e+00  1.11550000e-07  1.09572813e+00  1.11550000e-07  1.09571646e+00 
 1.11650000e-07  1.09999055e+00  1.11650000e-07  1.09986686e+00  1.11650000e-07  1.09594899e+00  1.11650000e-07  1.09593701e+00 
 1.11750000e-07  1.09999054e+00  1.11750000e-07  1.09985782e+00  1.11750000e-07  1.09623974e+00  1.11750000e-07  1.09622474e+00 
 1.11850000e-07  1.09999054e+00  1.11850000e-07  1.09984959e+00  1.11850000e-07  1.09658549e+00  1.11850000e-07  1.09657774e+00 
 1.11950000e-07  1.09999054e+00  1.11950000e-07  1.09984232e+00  1.11950000e-07  1.09699423e+00  1.11950000e-07  1.09698350e+00 
 1.12050000e-07  1.09999054e+00  1.12050000e-07  1.09983614e+00  1.12050000e-07  1.09744829e+00  1.12050000e-07  1.09743845e+00 
 1.12150000e-07  1.09999054e+00  1.12150000e-07  1.09983116e+00  1.12150000e-07  1.09793802e+00  1.12150000e-07  1.09793469e+00 
 1.12250000e-07  1.09999054e+00  1.12250000e-07  1.09982747e+00  1.12250000e-07  1.09846617e+00  1.12250000e-07  1.09845850e+00 
 1.12350000e-07  1.09999053e+00  1.12350000e-07  1.09982512e+00  1.12350000e-07  1.09900898e+00  1.12350000e-07  1.09900604e+00 
 1.12450000e-07  1.09999053e+00  1.12450000e-07  1.09982415e+00  1.12450000e-07  1.09956379e+00  1.12450000e-07  1.09956465e+00 
 1.12550000e-07  1.09999053e+00  1.12550000e-07  1.09982457e+00  1.12550000e-07  1.10012551e+00  1.12550000e-07  1.10012246e+00 
 1.12650000e-07  1.09999053e+00  1.12650000e-07  1.09982637e+00  1.12650000e-07  1.10067077e+00  1.12650000e-07  1.10067497e+00 
 1.12750000e-07  1.09999053e+00  1.12750000e-07  1.09982952e+00  1.12750000e-07  1.10120297e+00  1.12750000e-07  1.10120729e+00 
 1.12850000e-07  1.09999053e+00  1.12850000e-07  1.09983396e+00  1.12850000e-07  1.10170908e+00  1.12850000e-07  1.10171164e+00 
 1.12950000e-07  1.09999053e+00  1.12950000e-07  1.09983959e+00  1.12950000e-07  1.10217239e+00  1.12950000e-07  1.10218251e+00 
 1.13050000e-07  1.09999052e+00  1.13050000e-07  1.09984632e+00  1.13050000e-07  1.10259927e+00  1.13050000e-07  1.10260614e+00 
 1.13150000e-07  1.09999052e+00  1.13150000e-07  1.09985404e+00  1.13150000e-07  1.10297157e+00  1.13150000e-07  1.10297973e+00 
 1.13250000e-07  1.09999052e+00  1.13250000e-07  1.09986258e+00  1.13250000e-07  1.10328329e+00  1.13250000e-07  1.10329699e+00 
 1.13350000e-07  1.09999052e+00  1.13350000e-07  1.09987182e+00  1.13350000e-07  1.10354000e+00  1.13350000e-07  1.10354849e+00 
 1.13450000e-07  1.09999052e+00  1.13450000e-07  1.09988157e+00  1.13450000e-07  1.10372335e+00  1.13450000e-07  1.10373596e+00 
 1.13550000e-07  1.09999052e+00  1.13550000e-07  1.09989168e+00  1.13550000e-07  1.10383886e+00  1.13550000e-07  1.10385329e+00 
 1.13650000e-07  1.09999051e+00  1.13650000e-07  1.09990196e+00  1.13650000e-07  1.10388834e+00  1.13650000e-07  1.10389758e+00 
 1.13750000e-07  1.09999051e+00  1.13750000e-07  1.09991225e+00  1.13750000e-07  1.10385879e+00  1.13750000e-07  1.10387366e+00 
 1.13850000e-07  1.09999051e+00  1.13850000e-07  1.09992234e+00  1.13850000e-07  1.10376468e+00  1.13850000e-07  1.10377712e+00 
 1.13950000e-07  1.09999051e+00  1.13950000e-07  1.09993209e+00  1.13950000e-07  1.10360312e+00  1.13950000e-07  1.10361224e+00 
 1.14050000e-07  1.09999051e+00  1.14050000e-07  1.09994132e+00  1.14050000e-07  1.10337079e+00  1.14050000e-07  1.10338510e+00 
 1.14150000e-07  1.09999051e+00  1.14150000e-07  1.09994988e+00  1.14150000e-07  1.10308621e+00  1.14150000e-07  1.10309466e+00 
 1.14250000e-07  1.09999050e+00  1.14250000e-07  1.09995763e+00  1.14250000e-07  1.10274312e+00  1.14250000e-07  1.10275118e+00 
 1.14350000e-07  1.09999050e+00  1.14350000e-07  1.09996443e+00  1.14350000e-07  1.10234963e+00  1.14350000e-07  1.10236051e+00 
 1.14450000e-07  1.09999050e+00  1.14450000e-07  1.09997019e+00  1.14450000e-07  1.10192262e+00  1.14450000e-07  1.10192610e+00 
 1.14550000e-07  1.09999050e+00  1.14550000e-07  1.09997482e+00  1.14550000e-07  1.10145568e+00  1.14550000e-07  1.10146164e+00 
 1.14650000e-07  1.09999050e+00  1.14650000e-07  1.09997823e+00  1.14650000e-07  1.10096665e+00  1.14650000e-07  1.10097186e+00 
 1.14750000e-07  1.09999050e+00  1.14750000e-07  1.09998039e+00  1.14750000e-07  1.10046626e+00  1.14750000e-07  1.10046487e+00 
 1.14850000e-07  1.09999050e+00  1.14850000e-07  1.09998128e+00  1.14850000e-07  1.09995166e+00  1.14850000e-07  1.09995445e+00 
 1.14950000e-07  1.09999049e+00  1.14950000e-07  1.09998089e+00  1.14950000e-07  1.09944573e+00  1.14950000e-07  1.09944421e+00 
 1.15050000e-07  1.09999049e+00  1.15050000e-07  1.09997924e+00  1.15050000e-07  1.09895105e+00  1.15050000e-07  1.09894569e+00 
 1.15150000e-07  1.09999049e+00  1.15150000e-07  1.09997637e+00  1.15150000e-07  1.09847099e+00  1.15150000e-07  1.09846975e+00 
 1.15250000e-07  1.09999049e+00  1.15250000e-07  1.09997236e+00  1.15250000e-07  1.09802724e+00  1.15250000e-07  1.09801932e+00 
 1.15350000e-07  1.09999049e+00  1.15350000e-07  1.09996728e+00  1.15350000e-07  1.09761507e+00  1.15350000e-07  1.09760709e+00 
 1.15450000e-07  1.09999049e+00  1.15450000e-07  1.09996123e+00  1.15450000e-07  1.09724452e+00  1.15450000e-07  1.09723889e+00 
 1.15550000e-07  1.09999048e+00  1.15550000e-07  1.09995434e+00  1.15550000e-07  1.09693020e+00  1.15550000e-07  1.09691757e+00 
 1.15650000e-07  1.09999048e+00  1.15650000e-07  1.09994673e+00  1.15650000e-07  1.09666321e+00  1.15650000e-07  1.09665406e+00 
 1.15750000e-07  1.09999048e+00  1.15750000e-07  1.09993855e+00  1.15750000e-07  1.09645815e+00  1.15750000e-07  1.09644852e+00 
 1.15850000e-07  1.09999048e+00  1.15850000e-07  1.09992996e+00  1.15850000e-07  1.09631868e+00  1.15850000e-07  1.09630396e+00 
 1.15950000e-07  1.09999048e+00  1.15950000e-07  1.09992111e+00  1.15950000e-07  1.09623594e+00  1.15950000e-07  1.09622682e+00 
 1.16050000e-07  1.09999048e+00  1.16050000e-07  1.09991217e+00  1.16050000e-07  1.09622481e+00  1.16050000e-07  1.09621243e+00 
 1.16150000e-07  1.09999047e+00  1.16150000e-07  1.09990329e+00  1.16150000e-07  1.09627748e+00  1.16150000e-07  1.09626357e+00 
 1.16250000e-07  1.09999047e+00  1.16250000e-07  1.09989465e+00  1.16250000e-07  1.09638862e+00  1.16250000e-07  1.09638043e+00 
 1.16350000e-07  1.09999047e+00  1.16350000e-07  1.09988638e+00  1.16350000e-07  1.09656850e+00  1.16350000e-07  1.09655539e+00 
 1.16450000e-07  1.09999047e+00  1.16450000e-07  1.09987865e+00  1.16450000e-07  1.09680060e+00  1.16450000e-07  1.09679005e+00 
 1.16550000e-07  1.09999047e+00  1.16550000e-07  1.09987159e+00  1.16550000e-07  1.09708475e+00  1.16550000e-07  1.09707810e+00 
 1.16650000e-07  1.09999047e+00  1.16650000e-07  1.09986531e+00  1.16650000e-07  1.09742264e+00  1.16650000e-07  1.09741122e+00 
 1.16750000e-07  1.09999046e+00  1.16750000e-07  1.09985994e+00  1.16750000e-07  1.09779419e+00  1.16750000e-07  1.09778865e+00 
 1.16850000e-07  1.09999046e+00  1.16850000e-07  1.09985556e+00  1.16850000e-07  1.09820364e+00  1.16850000e-07  1.09819898e+00 
 1.16950000e-07  1.09999046e+00  1.16950000e-07  1.09985225e+00  1.16950000e-07  1.09864253e+00  1.16950000e-07  1.09863510e+00 
 1.17050000e-07  1.09999046e+00  1.17050000e-07  1.09985006e+00  1.17050000e-07  1.09909309e+00  1.17050000e-07  1.09909300e+00 
 1.17150000e-07  1.09999046e+00  1.17150000e-07  1.09984902e+00  1.17150000e-07  1.09956114e+00  1.17150000e-07  1.09955889e+00 
 1.17250000e-07  1.09999046e+00  1.17250000e-07  1.09984916e+00  1.17250000e-07  1.10002972e+00  1.17250000e-07  1.10002790e+00 
 1.17350000e-07  1.09999045e+00  1.17350000e-07  1.09985045e+00  1.17350000e-07  1.10048802e+00  1.17350000e-07  1.10049272e+00 
 1.17450000e-07  1.09999045e+00  1.17450000e-07  1.09985288e+00  1.17450000e-07  1.10093990e+00  1.17450000e-07  1.10094043e+00 
 1.17550000e-07  1.09999045e+00  1.17550000e-07  1.09985639e+00  1.17550000e-07  1.10136421e+00  1.17550000e-07  1.10136849e+00 
 1.17650000e-07  1.09999045e+00  1.17650000e-07  1.09986092e+00  1.17650000e-07  1.10175926e+00  1.17650000e-07  1.10176727e+00 
 1.17750000e-07  1.09999045e+00  1.17750000e-07  1.09986639e+00  1.17750000e-07  1.10212407e+00  1.17750000e-07  1.10212763e+00 
 1.17850000e-07  1.09999045e+00  1.17850000e-07  1.09987269e+00  1.17850000e-07  1.10243918e+00  1.17850000e-07  1.10244876e+00 
 1.17950000e-07  1.09999044e+00  1.17950000e-07  1.09987971e+00  1.17950000e-07  1.10271111e+00  1.17950000e-07  1.10272060e+00 
 1.18050000e-07  1.09999044e+00  1.18050000e-07  1.09988733e+00  1.18050000e-07  1.10293309e+00  1.18050000e-07  1.10293963e+00 
 1.18150000e-07  1.09999044e+00  1.18150000e-07  1.09989541e+00  1.18150000e-07  1.10309290e+00  1.18150000e-07  1.10310583e+00 
 1.18250000e-07  1.09999044e+00  1.18250000e-07  1.09990380e+00  1.18250000e-07  1.10320194e+00  1.18250000e-07  1.10321117e+00 
 1.18350000e-07  1.09999044e+00  1.18350000e-07  1.09991236e+00  1.18350000e-07  1.10324912e+00  1.18350000e-07  1.10325806e+00 
 1.18450000e-07  1.09999044e+00  1.18450000e-07  1.09992094e+00  1.18450000e-07  1.10323294e+00  1.18450000e-07  1.10324654e+00 
 1.18550000e-07  1.09999043e+00  1.18550000e-07  1.09992939e+00  1.18550000e-07  1.10316519e+00  1.18550000e-07  1.10317288e+00 
 1.18650000e-07  1.09999043e+00  1.18650000e-07  1.09993757e+00  1.18650000e-07  1.10303400e+00  1.18650000e-07  1.10304419e+00 
 1.18750000e-07  1.09999043e+00  1.18750000e-07  1.09994533e+00  1.18750000e-07  1.10284896e+00  1.18750000e-07  1.10286046e+00 
 1.18850000e-07  1.09999043e+00  1.18850000e-07  1.09995255e+00  1.18850000e-07  1.10261818e+00  1.18850000e-07  1.10262359e+00 
 1.18950000e-07  1.09999043e+00  1.18950000e-07  1.09995910e+00  1.18950000e-07  1.10233345e+00  1.18950000e-07  1.10234320e+00 
 1.19050000e-07  1.09999043e+00  1.19050000e-07  1.09996488e+00  1.19050000e-07  1.10201249e+00  1.19050000e-07  1.10201968e+00 
 1.19150000e-07  1.09999042e+00  1.19150000e-07  1.09996980e+00  1.19150000e-07  1.10165762e+00  1.19150000e-07  1.10166052e+00 
 1.19250000e-07  1.09999042e+00  1.19250000e-07  1.09997377e+00  1.19250000e-07  1.10126791e+00  1.19250000e-07  1.10127532e+00 
 1.19350000e-07  1.09999042e+00  1.19350000e-07  1.09997673e+00  1.19350000e-07  1.10086401e+00  1.19350000e-07  1.10086571e+00 
 1.19450000e-07  1.09999042e+00  1.19450000e-07  1.09997866e+00  1.19450000e-07  1.10044278e+00  1.19450000e-07  1.10044325e+00 
 1.19550000e-07  1.09999042e+00  1.19550000e-07  1.09997951e+00  1.19550000e-07  1.10001205e+00  1.19550000e-07  1.10001542e+00 
 1.19650000e-07  1.09999041e+00  1.19650000e-07  1.09997929e+00  1.19650000e-07  1.09958956e+00  1.19650000e-07  1.09958582e+00 
 1.19750000e-07  1.09999041e+00  1.19750000e-07  1.09997802e+00  1.19750000e-07  1.09916919e+00  1.19750000e-07  1.09916746e+00 
 1.19850000e-07  1.09999041e+00  1.19850000e-07  1.09997572e+00  1.19850000e-07  1.09876623e+00  1.19850000e-07  1.09876451e+00 
 1.19950000e-07  1.09999041e+00  1.19950000e-07  1.09997244e+00  1.19950000e-07  1.09839078e+00  1.19950000e-07  1.09838276e+00 
 1.20050000e-07  1.09999041e+00  1.20050000e-07  1.09996827e+00  1.20050000e-07  1.09803732e+00  1.20050000e-07  1.09803357e+00 
 1.20150000e-07  1.09999041e+00  1.20150000e-07  1.09996326e+00  1.20150000e-07  1.09772465e+00  1.20150000e-07  1.09771781e+00 
 1.20250000e-07  1.09999040e+00  1.20250000e-07  1.09995754e+00  1.20250000e-07  1.09745313e+00  1.20250000e-07  1.09744275e+00 
 1.20350000e-07  1.09999040e+00  1.20350000e-07  1.09995120e+00  1.20350000e-07  1.09722101e+00  1.20350000e-07  1.09721545e+00 
 1.20450000e-07  1.09999040e+00  1.20450000e-07  1.09994437e+00  1.20450000e-07  1.09704523e+00  1.20450000e-07  1.09703434e+00 
 1.20550000e-07  1.09999040e+00  1.20550000e-07  1.09993717e+00  1.20550000e-07  1.09691735e+00  1.20550000e-07  1.09690673e+00 
 1.20650000e-07  1.09999040e+00  1.20650000e-07  1.09992973e+00  1.20650000e-07  1.09684090e+00  1.20650000e-07  1.09683382e+00 
 1.20750000e-07  1.09999040e+00  1.20750000e-07  1.09992220e+00  1.20750000e-07  1.09682581e+00  1.20750000e-07  1.09681293e+00 
 1.20850000e-07  1.09999039e+00  1.20850000e-07  1.09991470e+00  1.20850000e-07  1.09685844e+00  1.20850000e-07  1.09684941e+00 
 1.20950000e-07  1.09999039e+00  1.20950000e-07  1.09990738e+00  1.20950000e-07  1.09694670e+00  1.20950000e-07  1.09693866e+00 
 1.21050000e-07  1.09999039e+00  1.21050000e-07  1.09990036e+00  1.21050000e-07  1.09709036e+00  1.21050000e-07  1.09707802e+00 
 1.21150000e-07  1.09999039e+00  1.21150000e-07  1.09989377e+00  1.21150000e-07  1.09727533e+00  1.21150000e-07  1.09726909e+00 
 1.21250000e-07  1.09999039e+00  1.21250000e-07  1.09988772e+00  1.21250000e-07  1.09751103e+00  1.21250000e-07  1.09750294e+00 
 1.21350000e-07  1.09999038e+00  1.21350000e-07  1.09988232e+00  1.21350000e-07  1.09778685e+00  1.21350000e-07  1.09777752e+00 
 1.21450000e-07  1.09999038e+00  1.21450000e-07  1.09987766e+00  1.21450000e-07  1.09809267e+00  1.21450000e-07  1.09808967e+00 
 1.21550000e-07  1.09999038e+00  1.21550000e-07  1.09987383e+00  1.21550000e-07  1.09843547e+00  1.21550000e-07  1.09842854e+00 
 1.21650000e-07  1.09999038e+00  1.21650000e-07  1.09987089e+00  1.21650000e-07  1.09879716e+00  1.21650000e-07  1.09879264e+00 
 1.21750000e-07  1.09999038e+00  1.21750000e-07  1.09986887e+00  1.21750000e-07  1.09917417e+00  1.21750000e-07  1.09917417e+00 
 1.21850000e-07  1.09999038e+00  1.21850000e-07  1.09986783e+00  1.21850000e-07  1.09956753e+00  1.21850000e-07  1.09956313e+00 
 1.21950000e-07  1.09999037e+00  1.21950000e-07  1.09986777e+00  1.21950000e-07  1.09995688e+00  1.21950000e-07  1.09995788e+00 
 1.22050000e-07  1.09999037e+00  1.22050000e-07  1.09986867e+00  1.22050000e-07  1.10034514e+00  1.22050000e-07  1.10034753e+00 
 1.22150000e-07  1.09999037e+00  1.22150000e-07  1.09987054e+00  1.22150000e-07  1.10072580e+00  1.22150000e-07  1.10072507e+00 
 1.22250000e-07  1.09999037e+00  1.22250000e-07  1.09987332e+00  1.22250000e-07  1.10108198e+00  1.22250000e-07  1.10108799e+00 
 1.22350000e-07  1.09999037e+00  1.22350000e-07  1.09987697e+00  1.22350000e-07  1.10142070e+00  1.22350000e-07  1.10142474e+00 
 1.22450000e-07  1.09999037e+00  1.22450000e-07  1.09988141e+00  1.22450000e-07  1.10172893e+00  1.22450000e-07  1.10173244e+00 
 1.22550000e-07  1.09999036e+00  1.22550000e-07  1.09988656e+00  1.22550000e-07  1.10199783e+00  1.22550000e-07  1.10200729e+00 
 1.22650000e-07  1.09999036e+00  1.22650000e-07  1.09989234e+00  1.22650000e-07  1.10223489e+00  1.22650000e-07  1.10223993e+00 
 1.22750000e-07  1.09999036e+00  1.22750000e-07  1.09989863e+00  1.22750000e-07  1.10242396e+00  1.22750000e-07  1.10243142e+00 
 1.22850000e-07  1.09999036e+00  1.22850000e-07  1.09990531e+00  1.22850000e-07  1.10256626e+00  1.22850000e-07  1.10257701e+00 
 1.22950000e-07  1.09999036e+00  1.22950000e-07  1.09991229e+00  1.22950000e-07  1.10266624e+00  1.22950000e-07  1.10267182e+00 
 1.23050000e-07  1.09999035e+00  1.23050000e-07  1.09991942e+00  1.23050000e-07  1.10270951e+00  1.23050000e-07  1.10271972e+00 
 1.23150000e-07  1.09999035e+00  1.23150000e-07  1.09992659e+00  1.23150000e-07  1.10270622e+00  1.23150000e-07  1.10271603e+00 
 1.23250000e-07  1.09999035e+00  1.23250000e-07  1.09993366e+00  1.23250000e-07  1.10265584e+00  1.23250000e-07  1.10266159e+00 
 1.23350000e-07  1.09999035e+00  1.23350000e-07  1.09994053e+00  1.23350000e-07  1.10255037e+00  1.23350000e-07  1.10256141e+00 
 1.23450000e-07  1.09999035e+00  1.23450000e-07  1.09994706e+00  1.23450000e-07  1.10240526e+00  1.23450000e-07  1.10241236e+00 
 1.23550000e-07  1.09999035e+00  1.23550000e-07  1.09995316e+00  1.23550000e-07  1.10221517e+00  1.23550000e-07  1.10222071e+00 
 1.23650000e-07  1.09999034e+00  1.23650000e-07  1.09995871e+00  1.23650000e-07  1.10198150e+00  1.23650000e-07  1.10199109e+00 
 1.23750000e-07  1.09999034e+00  1.23750000e-07  1.09996362e+00  1.23750000e-07  1.10171994e+00  1.23750000e-07  1.10172336e+00 
 1.23850000e-07  1.09999034e+00  1.23850000e-07  1.09996782e+00  1.23850000e-07  1.10142277e+00  1.23850000e-07  1.10142756e+00 
 1.23950000e-07  1.09999034e+00  1.23950000e-07  1.09997124e+00  1.23950000e-07  1.10110091e+00  1.23950000e-07  1.10110696e+00 
 1.24050000e-07  1.09999034e+00  1.24050000e-07  1.09997382e+00  1.24050000e-07  1.10076563e+00  1.24050000e-07  1.10076529e+00 
 1.24150000e-07  1.09999033e+00  1.24150000e-07  1.09997553e+00  1.24150000e-07  1.10041044e+00  1.24150000e-07  1.10041373e+00 
 1.24250000e-07  1.09999033e+00  1.24250000e-07  1.09997635e+00  1.24250000e-07  1.10005294e+00  1.24250000e-07  1.10005412e+00 
 1.24350000e-07  1.09999033e+00  1.24350000e-07  1.09997627e+00  1.24350000e-07  1.09969720e+00  1.24350000e-07  1.09969378e+00 
 1.24450000e-07  1.09999033e+00  1.24450000e-07  1.09997530e+00  1.24450000e-07  1.09934136e+00  1.24450000e-07  1.09934235e+00 
 1.24550000e-07  1.09999033e+00  1.24550000e-07  1.09997346e+00  1.24550000e-07  1.09900475e+00  1.24550000e-07  1.09900077e+00 
 1.24650000e-07  1.09999032e+00  1.24650000e-07  1.09997081e+00  1.24650000e-07  1.09868407e+00  1.24650000e-07  1.09867865e+00 
 1.24750000e-07  1.09999032e+00  1.24750000e-07  1.09996738e+00  1.24750000e-07  1.09838390e+00  1.24750000e-07  1.09838193e+00 
 1.24850000e-07  1.09999032e+00  1.24850000e-07  1.09996325e+00  1.24850000e-07  1.09811979e+00  1.24850000e-07  1.09811153e+00 
 1.24950000e-07  1.09999032e+00  1.24950000e-07  1.09995851e+00  1.24950000e-07  1.09788338e+00  1.24950000e-07  1.09787712e+00 
 1.25050000e-07  1.09999032e+00  1.25050000e-07  1.09995324e+00  1.25050000e-07  1.09768514e+00  1.25050000e-07  1.09767999e+00 
 1.25150000e-07  1.09999032e+00  1.25150000e-07  1.09994754e+00  1.25150000e-07  1.09753244e+00  1.25150000e-07  1.09752169e+00 
 1.25250000e-07  1.09999031e+00  1.25250000e-07  1.09994151e+00  1.25250000e-07  1.09741569e+00  1.25250000e-07  1.09740952e+00 
 1.25350000e-07  1.09999031e+00  1.25350000e-07  1.09993527e+00  1.25350000e-07  1.09734836e+00  1.25350000e-07  1.09734045e+00 
 1.25450000e-07  1.09999031e+00  1.25450000e-07  1.09992894e+00  1.25450000e-07  1.09732776e+00  1.25450000e-07  1.09731679e+00 
 1.25550000e-07  1.09999031e+00  1.25550000e-07  1.09992261e+00  1.25550000e-07  1.09734690e+00  1.25550000e-07  1.09734141e+00 
 1.25650000e-07  1.09999031e+00  1.25650000e-07  1.09991642e+00  1.25650000e-07  1.09741793e+00  1.25650000e-07  1.09740843e+00 
 1.25750000e-07  1.09999030e+00  1.25750000e-07  1.09991046e+00  1.25750000e-07  1.09752930e+00  1.25750000e-07  1.09752029e+00 
 1.25850000e-07  1.09999030e+00  1.25850000e-07  1.09990485e+00  1.25850000e-07  1.09767909e+00  1.25850000e-07  1.09767455e+00 
 1.25950000e-07  1.09999030e+00  1.25950000e-07  1.09989969e+00  1.25950000e-07  1.09787380e+00  1.25950000e-07  1.09786440e+00 
 1.26050000e-07  1.09999030e+00  1.26050000e-07  1.09989506e+00  1.26050000e-07  1.09809683e+00  1.26050000e-07  1.09809134e+00 
 1.26150000e-07  1.09999030e+00  1.26150000e-07  1.09989103e+00  1.26150000e-07  1.09835156e+00  1.26150000e-07  1.09834807e+00 
 1.26250000e-07  1.09999029e+00  1.26250000e-07  1.09988769e+00  1.26250000e-07  1.09863609e+00  1.26250000e-07  1.09862870e+00 
 1.26350000e-07  1.09999029e+00  1.26350000e-07  1.09988509e+00  1.26350000e-07  1.09893389e+00  1.26350000e-07  1.09893260e+00 
 1.26450000e-07  1.09999029e+00  1.26450000e-07  1.09988326e+00  1.26450000e-07  1.09925169e+00  1.26450000e-07  1.09924939e+00 
 1.26550000e-07  1.09999029e+00  1.26550000e-07  1.09988225e+00  1.26550000e-07  1.09957899e+00  1.26550000e-07  1.09957526e+00 
 1.26650000e-07  1.09999029e+00  1.26650000e-07  1.09988205e+00  1.26650000e-07  1.09990411e+00  1.26650000e-07  1.09990670e+00 
 1.26750000e-07  1.09999028e+00  1.26750000e-07  1.09988267e+00  1.26750000e-07  1.10023374e+00  1.26750000e-07  1.10023287e+00 
 1.26850000e-07  1.09999028e+00  1.26850000e-07  1.09988410e+00  1.26850000e-07  1.10055142e+00  1.26850000e-07  1.10055226e+00 
 1.26950000e-07  1.09999028e+00  1.26950000e-07  1.09988630e+00  1.26950000e-07  1.10085324e+00  1.26950000e-07  1.10085863e+00 
 1.27050000e-07  1.09999028e+00  1.27050000e-07  1.09988923e+00  1.27050000e-07  1.10114241e+00  1.27050000e-07  1.10114331e+00 
 1.27150000e-07  1.09999028e+00  1.27150000e-07  1.09989284e+00  1.27150000e-07  1.10140116e+00  1.27150000e-07  1.10140650e+00 
 1.27250000e-07  1.09999028e+00  1.27250000e-07  1.09989706e+00  1.27250000e-07  1.10163359e+00  1.27250000e-07  1.10164034e+00 
 1.27350000e-07  1.09999027e+00  1.27350000e-07  1.09990181e+00  1.27350000e-07  1.10183735e+00  1.27350000e-07  1.10184030e+00 
 1.27450000e-07  1.09999027e+00  1.27450000e-07  1.09990700e+00  1.27450000e-07  1.10199855e+00  1.27450000e-07  1.10200728e+00 
 1.27550000e-07  1.09999027e+00  1.27550000e-07  1.09991255e+00  1.27550000e-07  1.10212699e+00  1.27550000e-07  1.10213366e+00 
 1.27650000e-07  1.09999027e+00  1.27650000e-07  1.09991835e+00  1.27650000e-07  1.10221482e+00  1.27650000e-07  1.10221984e+00 
 1.27750000e-07  1.09999027e+00  1.27750000e-07  1.09992429e+00  1.27750000e-07  1.10225618e+00  1.27750000e-07  1.10226642e+00 
 1.27850000e-07  1.09999026e+00  1.27850000e-07  1.09993028e+00  1.27850000e-07  1.10226260e+00  1.27850000e-07  1.10226812e+00 
 1.27950000e-07  1.09999026e+00  1.27950000e-07  1.09993621e+00  1.27950000e-07  1.10222307e+00  1.27950000e-07  1.10222971e+00 
 1.28050000e-07  1.09999026e+00  1.28050000e-07  1.09994198e+00  1.28050000e-07  1.10214150e+00  1.28050000e-07  1.10215102e+00 
 1.28150000e-07  1.09999026e+00  1.28150000e-07  1.09994748e+00  1.28150000e-07  1.10202700e+00  1.28150000e-07  1.10203082e+00 
 1.28250000e-07  1.09999026e+00  1.28250000e-07  1.09995263e+00  1.28250000e-07  1.10186925e+00  1.28250000e-07  1.10187655e+00 
 1.28350000e-07  1.09999025e+00  1.28350000e-07  1.09995733e+00  1.28350000e-07  1.10168068e+00  1.28350000e-07  1.10168749e+00 
 1.28450000e-07  1.09999025e+00  1.28450000e-07  1.09996152e+00  1.28450000e-07  1.10146510e+00  1.28450000e-07  1.10146714e+00 
 1.28550000e-07  1.09999025e+00  1.28550000e-07  1.09996511e+00  1.28550000e-07  1.10121690e+00  1.28550000e-07  1.10122347e+00 
 1.28650000e-07  1.09999025e+00  1.28650000e-07  1.09996805e+00  1.28650000e-07  1.10095320e+00  1.28650000e-07  1.10095599e+00 
 1.28750000e-07  1.09999025e+00  1.28750000e-07  1.09997030e+00  1.28750000e-07  1.10067188e+00  1.28750000e-07  1.10067236e+00 
 1.28850000e-07  1.09999024e+00  1.28850000e-07  1.09997182e+00  1.28850000e-07  1.10037470e+00  1.28850000e-07  1.10037905e+00 
 1.28950000e-07  1.09999024e+00  1.28950000e-07  1.09997260e+00  1.28950000e-07  1.10007835e+00  1.28950000e-07  1.10007681e+00 
 1.29050000e-07  1.09999024e+00  1.29050000e-07  1.09997262e+00  1.29050000e-07  1.09977645e+00  1.29050000e-07  1.09977568e+00 
 1.29150000e-07  1.09999024e+00  1.29150000e-07  1.09997189e+00  1.29150000e-07  1.09947845e+00  1.29150000e-07  1.09947936e+00 
 1.29250000e-07  1.09999024e+00  1.29250000e-07  1.09997044e+00  1.29250000e-07  1.09919580e+00  1.29250000e-07  1.09919058e+00 
 1.29350000e-07  1.09999023e+00  1.29350000e-07  1.09996829e+00  1.29350000e-07  1.09892111e+00  1.29350000e-07  1.09891928e+00 
 1.29450000e-07  1.09999023e+00  1.29450000e-07  1.09996549e+00  1.29450000e-07  1.09866922e+00  1.29450000e-07  1.09866614e+00 
 1.29550000e-07  1.09999023e+00  1.29550000e-07  1.09996210e+00  1.29550000e-07  1.09844339e+00  1.29550000e-07  1.09843589e+00 
 1.29650000e-07  1.09999023e+00  1.29650000e-07  1.09995817e+00  1.29650000e-07  1.09823876e+00  1.29650000e-07  1.09823591e+00 
 1.29750000e-07  1.09999023e+00  1.29750000e-07  1.09995379e+00  1.29750000e-07  1.09807127e+00  1.29750000e-07  1.09806452e+00 
 1.29850000e-07  1.09999022e+00  1.29850000e-07  1.09994904e+00  1.29850000e-07  1.09793575e+00  1.29850000e-07  1.09792768e+00 
 1.29950000e-07  1.09999022e+00  1.29950000e-07  1.09994401e+00  1.29950000e-07  1.09783229e+00  1.29950000e-07  1.09782837e+00 
 1.30050000e-07  1.09999022e+00  1.30050000e-07  1.09993878e+00  1.30050000e-07  1.09777306e+00  1.30050000e-07  1.09776386e+00 
 1.30150000e-07  1.09999022e+00  1.30150000e-07  1.09993345e+00  1.30150000e-07  1.09774686e+00  1.30150000e-07  1.09773977e+00 
 1.30250000e-07  1.09999022e+00  1.30250000e-07  1.09992813e+00  1.30250000e-07  1.09775910e+00  1.30250000e-07  1.09775418e+00 
 1.30350000e-07  1.09999021e+00  1.30350000e-07  1.09992290e+00  1.30350000e-07  1.09781433e+00  1.30350000e-07  1.09780452e+00 
 1.30450000e-07  1.09999021e+00  1.30450000e-07  1.09991786e+00  1.30450000e-07  1.09789939e+00  1.30450000e-07  1.09789436e+00 
 1.30550000e-07  1.09999021e+00  1.30550000e-07  1.09991309e+00  1.30550000e-07  1.09802319e+00  1.30550000e-07  1.09801759e+00 
 1.30650000e-07  1.09999021e+00  1.30650000e-07  1.09990868e+00  1.30650000e-07  1.09818103e+00  1.30650000e-07  1.09817266e+00 
 1.30750000e-07  1.09999021e+00  1.30750000e-07  1.09990471e+00  1.30750000e-07  1.09836219e+00  1.30750000e-07  1.09835965e+00 
 1.30850000e-07  1.09999020e+00  1.30850000e-07  1.09990125e+00  1.30850000e-07  1.09857568e+00  1.30850000e-07  1.09857010e+00 
 1.30950000e-07  1.09999020e+00  1.30950000e-07  1.09989835e+00  1.30950000e-07  1.09880876e+00  1.30950000e-07  1.09880357e+00 
 1.31050000e-07  1.09999020e+00  1.31050000e-07  1.09989606e+00  1.31050000e-07  1.09905634e+00  1.31050000e-07  1.09905609e+00 
 1.31150000e-07  1.09999020e+00  1.31150000e-07  1.09989441e+00  1.31150000e-07  1.09932372e+00  1.31150000e-07  1.09931917e+00 
 1.31250000e-07  1.09999020e+00  1.31250000e-07  1.09989345e+00  1.31250000e-07  1.09959392e+00  1.31250000e-07  1.09959289e+00 
 1.31350000e-07  1.09999019e+00  1.31350000e-07  1.09989317e+00  1.31350000e-07  1.09986838e+00  1.31350000e-07  1.09986985e+00 
 1.31450000e-07  1.09999019e+00  1.31450000e-07  1.09989358e+00  1.31450000e-07  1.10014605e+00  1.31450000e-07  1.10014360e+00 
 1.31550000e-07  1.09999019e+00  1.31550000e-07  1.09989466e+00  1.31550000e-07  1.10041070e+00  1.31550000e-07  1.10041384e+00 
 1.31650000e-07  1.09999019e+00  1.31650000e-07  1.09989640e+00  1.31650000e-07  1.10066886e+00  1.31650000e-07  1.10067137e+00 
 1.31750000e-07  1.09999019e+00  1.31750000e-07  1.09989876e+00  1.31750000e-07  1.10091260e+00  1.31750000e-07  1.10091310e+00 
 1.31850000e-07  1.09999018e+00  1.31850000e-07  1.09990169e+00  1.31850000e-07  1.10113114e+00  1.31850000e-07  1.10113750e+00 
 1.31950000e-07  1.09999018e+00  1.31950000e-07  1.09990514e+00  1.31950000e-07  1.10133291e+00  1.31950000e-07  1.10133590e+00 
 1.32050000e-07  1.09999018e+00  1.32050000e-07  1.09990905e+00  1.32050000e-07  1.10150503e+00  1.32050000e-07  1.10150875e+00 
 1.32150000e-07  1.09999018e+00  1.32150000e-07  1.09991334e+00  1.32150000e-07  1.10164507e+00  1.32150000e-07  1.10165304e+00 
 1.32250000e-07  1.09999018e+00  1.32250000e-07  1.09991794e+00  1.32250000e-07  1.10175969e+00  1.32250000e-07  1.10176286e+00 
 1.32350000e-07  1.09999017e+00  1.32350000e-07  1.09992276e+00  1.32350000e-07  1.10183490e+00  1.32350000e-07  1.10184140e+00 
 1.32450000e-07  1.09999017e+00  1.32450000e-07  1.09992772e+00  1.32450000e-07  1.10187686e+00  1.32450000e-07  1.10188462e+00 
 1.32550000e-07  1.09999017e+00  1.32550000e-07  1.09993273e+00  1.32550000e-07  1.10188770e+00  1.32550000e-07  1.10189098e+00 
 1.32650000e-07  1.09999017e+00  1.32650000e-07  1.09993770e+00  1.32650000e-07  1.10185680e+00  1.32650000e-07  1.10186488e+00 
 1.32750000e-07  1.09999016e+00  1.32750000e-07  1.09994254e+00  1.32750000e-07  1.10179651e+00  1.32750000e-07  1.10180247e+00 
 1.32850000e-07  1.09999016e+00  1.32850000e-07  1.09994718e+00  1.32850000e-07  1.10170355e+00  1.32850000e-07  1.10170692e+00 
 1.32950000e-07  1.09999016e+00  1.32950000e-07  1.09995153e+00  1.32950000e-07  1.10157438e+00  1.32950000e-07  1.10158234e+00 
 1.33050000e-07  1.09999016e+00  1.33050000e-07  1.09995552e+00  1.33050000e-07  1.10142329e+00  1.33050000e-07  1.10142648e+00 
 1.33150000e-07  1.09999016e+00  1.33150000e-07  1.09995908e+00  1.33150000e-07  1.10124302e+00  1.33150000e-07  1.10124635e+00 
 1.33250000e-07  1.09999015e+00  1.33250000e-07  1.09996216e+00  1.33250000e-07  1.10103861e+00  1.33250000e-07  1.10104466e+00 
 1.33350000e-07  1.09999015e+00  1.33350000e-07  1.09996469e+00  1.33350000e-07  1.10082177e+00  1.33350000e-07  1.10082199e+00 
 1.33450000e-07  1.09999015e+00  1.33450000e-07  1.09996665e+00  1.33450000e-07  1.10058434e+00  1.33450000e-07  1.10058725e+00 
 1.33550000e-07  1.09999015e+00  1.33550000e-07  1.09996800e+00  1.33550000e-07  1.10033875e+00  1.33550000e-07  1.10034146e+00 
 1.33650000e-07  1.09999015e+00  1.33650000e-07  1.09996873e+00  1.33650000e-07  1.10009079e+00  1.33650000e-07  1.10008850e+00 
 1.33750000e-07  1.09999014e+00  1.33750000e-07  1.09996883e+00  1.33750000e-07  1.09983497e+00  1.33750000e-07  1.09983685e+00 
 1.33850000e-07  1.09999014e+00  1.33850000e-07  1.09996830e+00  1.33850000e-07  1.09958758e+00  1.33850000e-07  1.09958627e+00 
 1.33950000e-07  1.09999014e+00  1.33950000e-07  1.09996716e+00  1.33950000e-07  1.09934733e+00  1.33950000e-07  1.09934343e+00 
 1.34050000e-07  1.09999014e+00  1.34050000e-07  1.09996542e+00  1.34050000e-07  1.09911412e+00  1.34050000e-07  1.09911427e+00 
 1.34150000e-07  1.09999014e+00  1.34150000e-07  1.09996314e+00  1.34150000e-07  1.09890331e+00  1.34150000e-07  1.09889826e+00 
 1.34250000e-07  1.09999013e+00  1.34250000e-07  1.09996035e+00  1.34250000e-07  1.09870783e+00  1.34250000e-07  1.09870334e+00 
 1.34350000e-07  1.09999013e+00  1.34350000e-07  1.09995711e+00  1.34350000e-07  1.09853381e+00  1.34350000e-07  1.09853169e+00 
 1.34450000e-07  1.09999013e+00  1.34450000e-07  1.09995348e+00  1.34450000e-07  1.09839109e+00  1.34450000e-07  1.09838343e+00 
 1.34550000e-07  1.09999013e+00  1.34550000e-07  1.09994953e+00  1.34550000e-07  1.09827003e+00  1.34550000e-07  1.09826575e+00 
 1.34650000e-07  1.09999013e+00  1.34650000e-07  1.09994532e+00  1.34650000e-07  1.09818149e+00  1.34650000e-07  1.09817698e+00 
 1.34750000e-07  1.09999012e+00  1.34750000e-07  1.09994095e+00  1.34750000e-07  1.09812696e+00  1.34750000e-07  1.09811839e+00 
 1.34850000e-07  1.09999012e+00  1.34850000e-07  1.09993648e+00  1.34850000e-07  1.09809806e+00  1.34850000e-07  1.09809443e+00 
 1.34950000e-07  1.09999012e+00  1.34950000e-07  1.09993200e+00  1.34950000e-07  1.09810697e+00  1.34950000e-07  1.09810054e+00 
 1.35050000e-07  1.09999012e+00  1.35050000e-07  1.09992759e+00  1.35050000e-07  1.09814664e+00  1.35050000e-07  1.09813901e+00 
 1.35150000e-07  1.09999011e+00  1.35150000e-07  1.09992332e+00  1.35150000e-07  1.09821306e+00  1.35150000e-07  1.09821017e+00 
 1.35250000e-07  1.09999011e+00  1.35250000e-07  1.09991928e+00  1.35250000e-07  1.09831552e+00  1.35250000e-07  1.09830824e+00 
 1.35350000e-07  1.09999011e+00  1.35350000e-07  1.09991553e+00  1.35350000e-07  1.09844091e+00  1.35350000e-07  1.09843571e+00 
 1.35450000e-07  1.09999011e+00  1.35450000e-07  1.09991213e+00  1.35450000e-07  1.09859079e+00  1.35450000e-07  1.09858852e+00 
 1.35550000e-07  1.09999011e+00  1.35550000e-07  1.09990915e+00  1.35550000e-07  1.09876812e+00  1.35550000e-07  1.09876147e+00 
 1.35650000e-07  1.09999010e+00  1.35650000e-07  1.09990664e+00  1.35650000e-07  1.09895797e+00  1.35650000e-07  1.09895598e+00 
 1.35750000e-07  1.09999010e+00  1.35750000e-07  1.09990463e+00  1.35750000e-07  1.09916642e+00  1.35750000e-07  1.09916464e+00 
 1.35850000e-07  1.09999010e+00  1.35850000e-07  1.09990316e+00  1.35850000e-07  1.09938862e+00  1.35850000e-07  1.09938408e+00 
 1.35950000e-07  1.09999010e+00  1.35950000e-07  1.09990226e+00  1.35950000e-07  1.09961238e+00  1.35950000e-07  1.09961358e+00 
 1.36050000e-07  1.09999010e+00  1.36050000e-07  1.09990193e+00  1.36050000e-07  1.09984555e+00  1.36050000e-07  1.09984431e+00 
 1.36150000e-07  1.09999009e+00  1.36150000e-07  1.09990218e+00  1.36150000e-07  1.10007645e+00  1.36150000e-07  1.10007514e+00 
 1.36250000e-07  1.09999009e+00  1.36250000e-07  1.09990300e+00  1.36250000e-07  1.10029912e+00  1.36250000e-07  1.10030278e+00 
 1.36350000e-07  1.09999009e+00  1.36350000e-07  1.09990437e+00  1.36350000e-07  1.10051967e+00  1.36350000e-07  1.10051922e+00 
 1.36450000e-07  1.09999009e+00  1.36450000e-07  1.09990627e+00  1.36450000e-07  1.10072290e+00  1.36450000e-07  1.10072523e+00 
 1.36550000e-07  1.09999008e+00  1.36550000e-07  1.09990865e+00  1.36550000e-07  1.10091034e+00  1.36550000e-07  1.10091527e+00 
 1.36650000e-07  1.09999008e+00  1.36650000e-07  1.09991148e+00  1.36650000e-07  1.10108349e+00  1.36650000e-07  1.10108422e+00 
 1.36750000e-07  1.09999008e+00  1.36750000e-07  1.09991469e+00  1.36750000e-07  1.10122819e+00  1.36750000e-07  1.10123370e+00 
 1.36850000e-07  1.09999008e+00  1.36850000e-07  1.09991824e+00  1.36850000e-07  1.10135223e+00  1.36850000e-07  1.10135720e+00 
 1.36950000e-07  1.09999008e+00  1.36950000e-07  1.09992205e+00  1.36950000e-07  1.10145136e+00  1.36950000e-07  1.10145360e+00 
 1.37050000e-07  1.09999007e+00  1.37050000e-07  1.09992606e+00  1.37050000e-07  1.10151681e+00  1.37050000e-07  1.10152426e+00 
 1.37150000e-07  1.09999007e+00  1.37150000e-07  1.09993020e+00  1.37150000e-07  1.10155940e+00  1.37150000e-07  1.10156347e+00 
 1.37250000e-07  1.09999007e+00  1.37250000e-07  1.09993439e+00  1.37250000e-07  1.10157024e+00  1.37250000e-07  1.10157406e+00 
 1.37350000e-07  1.09999007e+00  1.37350000e-07  1.09993855e+00  1.37350000e-07  1.10154867e+00  1.37350000e-07  1.10155635e+00 
 1.37450000e-07  1.09999007e+00  1.37450000e-07  1.09994263e+00  1.37450000e-07  1.10150453e+00  1.37450000e-07  1.10150719e+00 
 1.37550000e-07  1.09999006e+00  1.37550000e-07  1.09994654e+00  1.37550000e-07  1.10142728e+00  1.37550000e-07  1.10143226e+00 
 1.37650000e-07  1.09999006e+00  1.37650000e-07  1.09995021e+00  1.37650000e-07  1.10132453e+00  1.37650000e-07  1.10133070e+00 
 1.37750000e-07  1.09999006e+00  1.37750000e-07  1.09995360e+00  1.37750000e-07  1.10120183e+00  1.37750000e-07  1.10120307e+00 
 1.37850000e-07  1.09999006e+00  1.37850000e-07  1.09995663e+00  1.37850000e-07  1.10105082e+00  1.37850000e-07  1.10105610e+00 
 1.37950000e-07  1.09999005e+00  1.37950000e-07  1.09995926e+00  1.37950000e-07  1.10088497e+00  1.37950000e-07  1.10088831e+00 
 1.38050000e-07  1.09999005e+00  1.38050000e-07  1.09996145e+00  1.38050000e-07  1.10070400e+00  1.38050000e-07  1.10070414e+00 
 1.38150000e-07  1.09999005e+00  1.38150000e-07  1.09996315e+00  1.38150000e-07  1.10050504e+00  1.38150000e-07  1.10050944e+00 
 1.38250000e-07  1.09999005e+00  1.38250000e-07  1.09996435e+00  1.38250000e-07  1.10030323e+00  1.38250000e-07  1.10030314e+00 
 1.38350000e-07  1.09999005e+00  1.38350000e-07  1.09996503e+00  1.38350000e-07  1.10009314e+00  1.38350000e-07  1.10009259e+00 
 1.38450000e-07  1.09999004e+00  1.38450000e-07  1.09996518e+00  1.38450000e-07  1.09987903e+00  1.38450000e-07  1.09988135e+00 
 1.38550000e-07  1.09999004e+00  1.38550000e-07  1.09996481e+00  1.38550000e-07  1.09967307e+00  1.38550000e-07  1.09966983e+00 
 1.38650000e-07  1.09999004e+00  1.38650000e-07  1.09996391e+00  1.38650000e-07  1.09946732e+00  1.38650000e-07  1.09946635e+00 
 1.38750000e-07  1.09999004e+00  1.38750000e-07  1.09996252e+00  1.38750000e-07  1.09927231e+00  1.38750000e-07  1.09927173e+00 
 1.38850000e-07  1.09999004e+00  1.38850000e-07  1.09996067e+00  1.38850000e-07  1.09909380e+00  1.38850000e-07  1.09908837e+00 
 1.38950000e-07  1.09999003e+00  1.38950000e-07  1.09995838e+00  1.38950000e-07  1.09892477e+00  1.38950000e-07  1.09892344e+00 
 1.39050000e-07  1.09999003e+00  1.39050000e-07  1.09995571e+00  1.39050000e-07  1.09877906e+00  1.39050000e-07  1.09877538e+00 
 1.39150000e-07  1.09999003e+00  1.39150000e-07  1.09995270e+00  1.39150000e-07  1.09865468e+00  1.39150000e-07  1.09864843e+00 
 1.39250000e-07  1.09999003e+00  1.39250000e-07  1.09994941e+00  1.39250000e-07  1.09854857e+00  1.39250000e-07  1.09854670e+00 
 1.39350000e-07  1.09999002e+00  1.39350000e-07  1.09994591e+00  1.39350000e-07  1.09847359e+00  1.39350000e-07  1.09846737e+00 
 1.39450000e-07  1.09999002e+00  1.39450000e-07  1.09994225e+00  1.39450000e-07  1.09842123e+00  1.39450000e-07  1.09841553e+00 
 1.39550000e-07  1.09999002e+00  1.39550000e-07  1.09993850e+00  1.39550000e-07  1.09839386e+00  1.39550000e-07  1.09839122e+00 
 1.39650000e-07  1.09999002e+00  1.39650000e-07  1.09993474e+00  1.39650000e-07  1.09839923e+00  1.39650000e-07  1.09839172e+00 
 1.39750000e-07  1.09999002e+00  1.39750000e-07  1.09993102e+00  1.39750000e-07  1.09842553e+00  1.39750000e-07  1.09842139e+00 
 1.39850000e-07  1.09999001e+00  1.39850000e-07  1.09992741e+00  1.39850000e-07  1.09847987e+00  1.39850000e-07  1.09847641e+00 
 1.39950000e-07  1.09999001e+00  1.39950000e-07  1.09992399e+00  1.39950000e-07  1.09856232e+00  1.39950000e-07  1.09855513e+00 
 1.40050000e-07  1.09999001e+00  1.40050000e-07  1.09992079e+00  1.40050000e-07  1.09866186e+00  1.40050000e-07  1.09865972e+00 
 1.40150000e-07  1.09999001e+00  1.40150000e-07  1.09991789e+00  1.40150000e-07  1.09878773e+00  1.40150000e-07  1.09878368e+00 
 1.40250000e-07  1.09999000e+00  1.40250000e-07  1.09991534e+00  1.40250000e-07  1.09893212e+00  1.40250000e-07  1.09892684e+00 
 1.40350000e-07  1.09999000e+00  1.40350000e-07  1.09991316e+00  1.40350000e-07  1.09908836e+00  1.40350000e-07  1.09908811e+00 
 1.40450000e-07  1.09999000e+00  1.40450000e-07  1.09991141e+00  1.40450000e-07  1.09926426e+00  1.40450000e-07  1.09926025e+00 
 1.40550000e-07  1.09999000e+00  1.40550000e-07  1.09991011e+00  1.40550000e-07  1.09944643e+00  1.40550000e-07  1.09944417e+00 
 1.40650000e-07  1.09999000e+00  1.40650000e-07  1.09990928e+00  1.40650000e-07  1.09963435e+00  1.40650000e-07  1.09963544e+00 
 1.40750000e-07  1.09998999e+00  1.40750000e-07  1.09990893e+00  1.40750000e-07  1.09983114e+00  1.40750000e-07  1.09982804e+00 
 1.40850000e-07  1.09998999e+00  1.40850000e-07  1.09990906e+00  1.40850000e-07  1.10002194e+00  1.40850000e-07  1.10002307e+00 
 1.40950000e-07  1.09998999e+00  1.40950000e-07  1.09990967e+00  1.40950000e-07  1.10021191e+00  1.40950000e-07  1.10021367e+00 
 1.41050000e-07  1.09998999e+00  1.41050000e-07  1.09991075e+00  1.41050000e-07  1.10039776e+00  1.41050000e-07  1.10039648e+00 
 1.41150000e-07  1.09998998e+00  1.41150000e-07  1.09991227e+00  1.41150000e-07  1.10056769e+00  1.41150000e-07  1.10057174e+00 
 1.41250000e-07  1.09998998e+00  1.41250000e-07  1.09991421e+00  1.41250000e-07  1.10073004e+00  1.41250000e-07  1.10073192e+00 
 1.41350000e-07  1.09998998e+00  1.41350000e-07  1.09991652e+00  1.41350000e-07  1.10087568e+00  1.41350000e-07  1.10087683e+00 
 1.41450000e-07  1.09998998e+00  1.41450000e-07  1.09991917e+00  1.41450000e-07  1.10099931e+00  1.41450000e-07  1.10100515e+00 
 1.41550000e-07  1.09998998e+00  1.41550000e-07  1.09992210e+00  1.41550000e-07  1.10110898e+00  1.41550000e-07  1.10111071e+00 
 1.41650000e-07  1.09998997e+00  1.41650000e-07  1.09992526e+00  1.41650000e-07  1.10119238e+00  1.41650000e-07  1.10119601e+00 
 1.41750000e-07  1.09998997e+00  1.41750000e-07  1.09992859e+00  1.41750000e-07  1.10125203e+00  1.41750000e-07  1.10125818e+00 
 1.41850000e-07  1.09998997e+00  1.41850000e-07  1.09993204e+00  1.41850000e-07  1.10129249e+00  1.41850000e-07  1.10129410e+00 
 1.41950000e-07  1.09998997e+00  1.41950000e-07  1.09993555e+00  1.41950000e-07  1.10130221e+00  1.41950000e-07  1.10130773e+00 
 1.42050000e-07  1.09998996e+00  1.42050000e-07  1.09993904e+00  1.42050000e-07  1.10129033e+00  1.42050000e-07  1.10129537e+00 
 1.42150000e-07  1.09998996e+00  1.42150000e-07  1.09994247e+00  1.42150000e-07  1.10125617e+00  1.42150000e-07  1.10125784e+00 
 1.42250000e-07  1.09998996e+00  1.42250000e-07  1.09994577e+00  1.42250000e-07  1.10119281e+00  1.42250000e-07  1.10119908e+00 
 1.42350000e-07  1.09998996e+00  1.42350000e-07  1.09994887e+00  1.42350000e-07  1.10111283e+00  1.42350000e-07  1.10111579e+00 
 1.42450000e-07  1.09998995e+00  1.42450000e-07  1.09995175e+00  1.42450000e-07  1.10101057e+00  1.42450000e-07  1.10101249e+00 
 1.42550000e-07  1.09998995e+00  1.42550000e-07  1.09995433e+00  1.42550000e-07  1.10088631e+00  1.42550000e-07  1.10089185e+00 
 1.42650000e-07  1.09998995e+00  1.42650000e-07  1.09995658e+00  1.42650000e-07  1.10075183e+00  1.42650000e-07  1.10075236e+00 
 1.42750000e-07  1.09998995e+00  1.42750000e-07  1.09995846e+00  1.42750000e-07  1.10059883e+00  1.42750000e-07  1.10060094e+00 
 1.42850000e-07  1.09998995e+00  1.42850000e-07  1.09995995e+00  1.42850000e-07  1.10043497e+00  1.42850000e-07  1.10043841e+00 
 1.42950000e-07  1.09998994e+00  1.42950000e-07  1.09996101e+00  1.42950000e-07  1.10026760e+00  1.42950000e-07  1.10026600e+00 
 1.43050000e-07  1.09998994e+00  1.43050000e-07  1.09996164e+00  1.43050000e-07  1.10008911e+00  1.43050000e-07  1.10009105e+00 
 1.43150000e-07  1.09998994e+00  1.43150000e-07  1.09996182e+00  1.43150000e-07  1.09991239e+00  1.43150000e-07  1.09991284e+00 
 1.43250000e-07  1.09998994e+00  1.43250000e-07  1.09996157e+00  1.43250000e-07  1.09973838e+00  1.43250000e-07  1.09973540e+00 
 1.43350000e-07  1.09998993e+00  1.43350000e-07  1.09996087e+00  1.43350000e-07  1.09956337e+00  1.43350000e-07  1.09956455e+00 
 1.43450000e-07  1.09998993e+00  1.43450000e-07  1.09995976e+00  1.43450000e-07  1.09940157e+00  1.43450000e-07  1.09939886e+00 
 1.43550000e-07  1.09998993e+00  1.43550000e-07  1.09995826e+00  1.43550000e-07  1.09924782e+00  1.43550000e-07  1.09924436e+00 
 1.43650000e-07  1.09998993e+00  1.43650000e-07  1.09995638e+00  1.43650000e-07  1.09910418e+00  1.43650000e-07  1.09910395e+00 
 1.43750000e-07  1.09998993e+00  1.43750000e-07  1.09995418e+00  1.43750000e-07  1.09898181e+00  1.43750000e-07  1.09897654e+00 
 1.43850000e-07  1.09998992e+00  1.43850000e-07  1.09995170e+00  1.43850000e-07  1.09887181e+00  1.43850000e-07  1.09886863e+00 
 1.43950000e-07  1.09998992e+00  1.43950000e-07  1.09994897e+00  1.43950000e-07  1.09878177e+00  1.43950000e-07  1.09877970e+00 
 1.44050000e-07  1.09998992e+00  1.44050000e-07  1.09994605e+00  1.44050000e-07  1.09871645e+00  1.44050000e-07  1.09870986e+00 
 1.44150000e-07  1.09998992e+00  1.44150000e-07  1.09994299e+00  1.44150000e-07  1.09866670e+00  1.44150000e-07  1.09866423e+00 
 1.44250000e-07  1.09998991e+00  1.44250000e-07  1.09993985e+00  1.44250000e-07  1.09864337e+00  1.44250000e-07  1.09863943e+00 
 1.44350000e-07  1.09998991e+00  1.44350000e-07  1.09993669e+00  1.44350000e-07  1.09864343e+00  1.44350000e-07  1.09863703e+00 
 1.44450000e-07  1.09998991e+00  1.44450000e-07  1.09993356e+00  1.44450000e-07  1.09866094e+00  1.44450000e-07  1.09865920e+00 
 1.44550000e-07  1.09998991e+00  1.44550000e-07  1.09993051e+00  1.44550000e-07  1.09870631e+00  1.44550000e-07  1.09870105e+00 
 1.44650000e-07  1.09998990e+00  1.44650000e-07  1.09992761e+00  1.44650000e-07  1.09876995e+00  1.44650000e-07  1.09876511e+00 
 1.44750000e-07  1.09998990e+00  1.44750000e-07  1.09992490e+00  1.44750000e-07  1.09885111e+00  1.44750000e-07  1.09884988e+00 
 1.44850000e-07  1.09998990e+00  1.44850000e-07  1.09992243e+00  1.44850000e-07  1.09895612e+00  1.44850000e-07  1.09895055e+00 
 1.44950000e-07  1.09998990e+00  1.44950000e-07  1.09992024e+00  1.44950000e-07  1.09907199e+00  1.44950000e-07  1.09906961e+00 
 1.45050000e-07  1.09998990e+00  1.45050000e-07  1.09991836e+00  1.45050000e-07  1.09920321e+00  1.45050000e-07  1.09920216e+00 
 1.45150000e-07  1.09998989e+00  1.45150000e-07  1.09991684e+00  1.45150000e-07  1.09934952e+00  1.45150000e-07  1.09934489e+00 
 1.45250000e-07  1.09998989e+00  1.45250000e-07  1.09991569e+00  1.45250000e-07  1.09949873e+00  1.45250000e-07  1.09949899e+00 
 1.45350000e-07  1.09998989e+00  1.45350000e-07  1.09991493e+00  1.45350000e-07  1.09965856e+00  1.45350000e-07  1.09965752e+00 
 1.45450000e-07  1.09998989e+00  1.45450000e-07  1.09991457e+00  1.45450000e-07  1.09982186e+00  1.45450000e-07  1.09981932e+00 
 1.45550000e-07  1.09998988e+00  1.45550000e-07  1.09991462e+00  1.45550000e-07  1.09998096e+00  1.45550000e-07  1.09998341e+00 
 1.45650000e-07  1.09998988e+00  1.45650000e-07  1.09991507e+00  1.45650000e-07  1.10014361e+00  1.45650000e-07  1.10014268e+00 
 1.45750000e-07  1.09998988e+00  1.45750000e-07  1.09991592e+00  1.45750000e-07  1.10029773e+00  1.45750000e-07  1.10029799e+00 
 1.45850000e-07  1.09998988e+00  1.45850000e-07  1.09991714e+00  1.45850000e-07  1.10044229e+00  1.45850000e-07  1.10044599e+00 
 1.45950000e-07  1.09998987e+00  1.45950000e-07  1.09991871e+00  1.45950000e-07  1.10058180e+00  1.45950000e-07  1.10058132e+00 
 1.46050000e-07  1.09998987e+00  1.46050000e-07  1.09992060e+00  1.46050000e-07  1.10070296e+00  1.46050000e-07  1.10070602e+00 
 1.46150000e-07  1.09998987e+00  1.46150000e-07  1.09992277e+00  1.46150000e-07  1.10081115e+00  1.46150000e-07  1.10081502e+00 
 1.46250000e-07  1.09998987e+00  1.46250000e-07  1.09992520e+00  1.46250000e-07  1.10090564e+00  1.46250000e-07  1.10090607e+00 
 1.46350000e-07  1.09998987e+00  1.46350000e-07  1.09992782e+00  1.46350000e-07  1.10097605e+00  1.46350000e-07  1.10098122e+00 
 1.46450000e-07  1.09998986e+00  1.46450000e-07  1.09993059e+00  1.46450000e-07  1.10103189e+00  1.46450000e-07  1.10103503e+00 
 1.46550000e-07  1.09998986e+00  1.46550000e-07  1.09993347e+00  1.46550000e-07  1.10106709e+00  1.46550000e-07  1.10106878e+00 
 1.46650000e-07  1.09998986e+00  1.46650000e-07  1.09993640e+00  1.46650000e-07  1.10107749e+00  1.46650000e-07  1.10108351e+00 
 1.46750000e-07  1.09998986e+00  1.46750000e-07  1.09993933e+00  1.46750000e-07  1.10107315e+00  1.46750000e-07  1.10107507e+00 
 1.46850000e-07  1.09998985e+00  1.46850000e-07  1.09994222e+00  1.46850000e-07  1.10104465e+00  1.46850000e-07  1.10104762e+00 
 1.46950000e-07  1.09998985e+00  1.46950000e-07  1.09994499e+00  1.46950000e-07  1.10099533e+00  1.46950000e-07  1.10100074e+00 
 1.47050000e-07  1.09998985e+00  1.47050000e-07  1.09994762e+00  1.47050000e-07  1.10093230e+00  1.47050000e-07  1.10093296e+00 
 1.47150000e-07  1.09998985e+00  1.47150000e-07  1.09995006e+00  1.47150000e-07  1.10084607e+00  1.47150000e-07  1.10084991e+00 
 1.47250000e-07  1.09998984e+00  1.47250000e-07  1.09995226e+00  1.47250000e-07  1.10074644e+00  1.47250000e-07  1.10074996e+00 
 1.47350000e-07  1.09998984e+00  1.47350000e-07  1.09995418e+00  1.47350000e-07  1.10063525e+00  1.47350000e-07  1.10063499e+00 
 1.47450000e-07  1.09998984e+00  1.47450000e-07  1.09995581e+00  1.47450000e-07  1.10050649e+00  1.47450000e-07  1.10051037e+00 
 1.47550000e-07  1.09998984e+00  1.47550000e-07  1.09995710e+00  1.47550000e-07  1.10037324e+00  1.47550000e-07  1.10037411e+00 
 1.47650000e-07  1.09998983e+00  1.47650000e-07  1.09995804e+00  1.47650000e-07  1.10023183e+00  1.47650000e-07  1.10023114e+00 
 1.47750000e-07  1.09998983e+00  1.47750000e-07  1.09995862e+00  1.47750000e-07  1.10008219e+00  1.47750000e-07  1.10008508e+00 
 1.47850000e-07  1.09998983e+00  1.47850000e-07  1.09995882e+00  1.47850000e-07  1.09993656e+00  1.47850000e-07  1.09993474e+00 
 1.47950000e-07  1.09998983e+00  1.47950000e-07  1.09995866e+00  1.47950000e-07  1.09978751e+00  1.47950000e-07  1.09978678e+00 
 1.48050000e-07  1.09998983e+00  1.48050000e-07  1.09995812e+00  1.48050000e-07  1.09964137e+00  1.48050000e-07  1.09964234e+00 
 1.48150000e-07  1.09998982e+00  1.48150000e-07  1.09995724e+00  1.48150000e-07  1.09950581e+00  1.48150000e-07  1.09950191e+00 
 1.48250000e-07  1.09998982e+00  1.48250000e-07  1.09995602e+00  1.48250000e-07  1.09937273e+00  1.48250000e-07  1.09937210e+00 
 1.48350000e-07  1.09998982e+00  1.48350000e-07  1.09995449e+00  1.48350000e-07  1.09925315e+00  1.48350000e-07  1.09925167e+00 
 1.48450000e-07  1.09998982e+00  1.48450000e-07  1.09995268e+00  1.48450000e-07  1.09914800e+00  1.48450000e-07  1.09914310e+00 
 1.48550000e-07  1.09998981e+00  1.48550000e-07  1.09995063e+00  1.48550000e-07  1.09905180e+00  1.48550000e-07  1.09905112e+00 
 1.48650000e-07  1.09998981e+00  1.48650000e-07  1.09994836e+00  1.48650000e-07  1.09897683e+00  1.48650000e-07  1.09897297e+00 
 1.48750000e-07  1.09998981e+00  1.48750000e-07  1.09994593e+00  1.48750000e-07  1.09891740e+00  1.48750000e-07  1.09891268e+00 
 1.48850000e-07  1.09998981e+00  1.48850000e-07  1.09994338e+00  1.48850000e-07  1.09887288e+00  1.48850000e-07  1.09887181e+00 
 1.48950000e-07  1.09998980e+00  1.48950000e-07  1.09994075e+00  1.48950000e-07  1.09885286e+00  1.48950000e-07  1.09884736e+00 
 1.49050000e-07  1.09998980e+00  1.49050000e-07  1.09993810e+00  1.49050000e-07  1.09884730e+00  1.49050000e-07  1.09884375e+00 
 1.49150000e-07  1.09998980e+00  1.49150000e-07  1.09993546e+00  1.49150000e-07  1.09886080e+00  1.49150000e-07  1.09885901e+00 
 1.49250000e-07  1.09998980e+00  1.49250000e-07  1.09993290e+00  1.49250000e-07  1.09889707e+00  1.49250000e-07  1.09889113e+00 
 1.49350000e-07  1.09998979e+00  1.49350000e-07  1.09993044e+00  1.49350000e-07  1.09894528e+00  1.49350000e-07  1.09894340e+00 
 1.49450000e-07  1.09998979e+00  1.49450000e-07  1.09992814e+00  1.49450000e-07  1.09901367e+00  1.49450000e-07  1.09901108e+00 
 1.49550000e-07  1.09998979e+00  1.49550000e-07  1.09992603e+00  1.49550000e-07  1.09909874e+00  1.49550000e-07  1.09909372e+00 
 1.49650000e-07  1.09998979e+00  1.49650000e-07  1.09992416e+00  1.49650000e-07  1.09919252e+00  1.49650000e-07  1.09919227e+00 
 1.49750000e-07  1.09998979e+00  1.49750000e-07  1.09992254e+00  1.49750000e-07  1.09930381e+00  1.49750000e-07  1.09930068e+00 
 1.49850000e-07  1.09998978e+00  1.49850000e-07  1.09992122e+00  1.49850000e-07  1.09942293e+00  1.49850000e-07  1.09941998e+00 
 1.49950000e-07  1.09998978e+00  1.49950000e-07  1.09992021e+00  1.49950000e-07  1.09954724e+00  1.49950000e-07  1.09954817e+00 
 1.50050000e-07  1.09998978e+00  1.50050000e-07  1.09991952e+00  1.50050000e-07  1.09968270e+00  1.50050000e-07  1.09967965e+00 
 1.50150000e-07  1.09998978e+00  1.50150000e-07  1.09991917e+00  1.50150000e-07  1.09981647e+00  1.50150000e-07  1.09981620e+00 
 1.50250000e-07  1.09998977e+00  1.50250000e-07  1.09991916e+00  1.50250000e-07  1.09995171e+00  1.50250000e-07  1.09995316e+00 
 1.50350000e-07  1.09998977e+00  1.50350000e-07  1.09991949e+00  1.50350000e-07  1.10008907e+00  1.50350000e-07  1.10008690e+00 
 1.50450000e-07  1.09998977e+00  1.50450000e-07  1.09992015e+00  1.50450000e-07  1.10021657e+00  1.50450000e-07  1.10021889e+00 
 1.50550000e-07  1.09998977e+00  1.50550000e-07  1.09992112e+00  1.50550000e-07  1.10034159e+00  1.50550000e-07  1.10034298e+00 
 1.50650000e-07  1.09998976e+00  1.50650000e-07  1.09992240e+00  1.50650000e-07  1.10045882e+00  1.50650000e-07  1.10045828e+00 
 1.50750000e-07  1.09998976e+00  1.50750000e-07  1.09992394e+00  1.50750000e-07  1.10056081e+00  1.50750000e-07  1.10056499e+00 
 1.50850000e-07  1.09998976e+00  1.50850000e-07  1.09992573e+00  1.50850000e-07  1.10065618e+00  1.50850000e-07  1.10065717e+00 
 1.50950000e-07  1.09998976e+00  1.50950000e-07  1.09992774e+00  1.50950000e-07  1.10073509e+00  1.50950000e-07  1.10073659e+00 
 1.51050000e-07  1.09998975e+00  1.51050000e-07  1.09992991e+00  1.51050000e-07  1.10079683e+00  1.51050000e-07  1.10080169e+00 
 1.51150000e-07  1.09998975e+00  1.51150000e-07  1.09993222e+00  1.51150000e-07  1.10084786e+00  1.51150000e-07  1.10084847e+00 
 1.51250000e-07  1.09998975e+00  1.51250000e-07  1.09993462e+00  1.51250000e-07  1.10087699e+00  1.51250000e-07  1.10088039e+00 
 1.51350000e-07  1.09998975e+00  1.51350000e-07  1.09993707e+00  1.51350000e-07  1.10089017e+00  1.51350000e-07  1.10089447e+00 
 1.51450000e-07  1.09998974e+00  1.51450000e-07  1.09993953e+00  1.51450000e-07  1.10088930e+00  1.51450000e-07  1.10088979e+00 
 1.51550000e-07  1.09998974e+00  1.51550000e-07  1.09994195e+00  1.51550000e-07  1.10086553e+00  1.51550000e-07  1.10087016e+00 
 1.51650000e-07  1.09998974e+00  1.51650000e-07  1.09994429e+00  1.51650000e-07  1.10082932e+00  1.51650000e-07  1.10083209e+00 
 1.51750000e-07  1.09998974e+00  1.51750000e-07  1.09994652e+00  1.51750000e-07  1.10077731e+00  1.51750000e-07  1.10077804e+00 
 1.51850000e-07  1.09998973e+00  1.51850000e-07  1.09994858e+00  1.51850000e-07  1.10070610e+00  1.51850000e-07  1.10071084e+00 
 1.51950000e-07  1.09998973e+00  1.51950000e-07  1.09995045e+00  1.51950000e-07  1.10062704e+00  1.51950000e-07  1.10062782e+00 
 1.52050000e-07  1.09998973e+00  1.52050000e-07  1.09995210e+00  1.52050000e-07  1.10053287e+00  1.52050000e-07  1.10053404e+00 
 1.52150000e-07  1.09998973e+00  1.52150000e-07  1.09995350e+00  1.52150000e-07  1.10042696e+00  1.52150000e-07  1.10043059e+00 
 1.52250000e-07  1.09998972e+00  1.52250000e-07  1.09995462e+00  1.52250000e-07  1.10031787e+00  1.52250000e-07  1.10031677e+00 
 1.52350000e-07  1.09998972e+00  1.52350000e-07  1.09995545e+00  1.52350000e-07  1.10019723e+00  1.52350000e-07  1.10019875e+00 
 1.52450000e-07  1.09998972e+00  1.52450000e-07  1.09995598e+00  1.52450000e-07  1.10007432e+00  1.52450000e-07  1.10007586e+00 
 1.52550000e-07  1.09998972e+00  1.52550000e-07  1.09995620e+00  1.52550000e-07  1.09995230e+00  1.52550000e-07  1.09994991e+00 
 1.52650000e-07  1.09998972e+00  1.52650000e-07  1.09995610e+00  1.52650000e-07  1.09982500e+00  1.52650000e-07  1.09982648e+00 
 1.52750000e-07  1.09998971e+00  1.52750000e-07  1.09995570e+00  1.52750000e-07  1.09970475e+00  1.52750000e-07  1.09970372e+00 
 1.52850000e-07  1.09998971e+00  1.52850000e-07  1.09995500e+00  1.52850000e-07  1.09958865e+00  1.52850000e-07  1.09958579e+00 
 1.52950000e-07  1.09998971e+00  1.52950000e-07  1.09995401e+00  1.52950000e-07  1.09947528e+00  1.52950000e-07  1.09947610e+00 
 1.53050000e-07  1.09998971e+00  1.53050000e-07  1.09995276e+00  1.53050000e-07  1.09937614e+00  1.53050000e-07  1.09937274e+00 
 1.53150000e-07  1.09998970e+00  1.53150000e-07  1.09995128e+00  1.53150000e-07  1.09928373e+00  1.53150000e-07  1.09928115e+00 
 1.53250000e-07  1.09998970e+00  1.53250000e-07  1.09994958e+00  1.53250000e-07  1.09920223e+00  1.53250000e-07  1.09920180e+00 
 1.53350000e-07  1.09998970e+00  1.53350000e-07  1.09994770e+00  1.53350000e-07  1.09913871e+00  1.53350000e-07  1.09913376e+00 
 1.53450000e-07  1.09998970e+00  1.53450000e-07  1.09994568e+00  1.53450000e-07  1.09908401e+00  1.53450000e-07  1.09908216e+00 
 1.53550000e-07  1.09998969e+00  1.53550000e-07  1.09994355e+00  1.53550000e-07  1.09904675e+00  1.53550000e-07  1.09904474e+00 
 1.53650000e-07  1.09998969e+00  1.53650000e-07  1.09994136e+00  1.53650000e-07  1.09902739e+00  1.53650000e-07  1.09902208e+00 
 1.53750000e-07  1.09998969e+00  1.53750000e-07  1.09993913e+00  1.53750000e-07  1.09901853e+00  1.53750000e-07  1.09901749e+00 
 1.53850000e-07  1.09998969e+00  1.53850000e-07  1.09993692e+00  1.53850000e-07  1.09903037e+00  1.53850000e-07  1.09902689e+00 
 1.53950000e-07  1.09998968e+00  1.53950000e-07  1.09993475e+00  1.53950000e-07  1.09905676e+00  1.53950000e-07  1.09905232e+00 
 1.54050000e-07  1.09998968e+00  1.54050000e-07  1.09993268e+00  1.54050000e-07  1.09909468e+00  1.54050000e-07  1.09909419e+00 
 1.54150000e-07  1.09998968e+00  1.54150000e-07  1.09993072e+00  1.54150000e-07  1.09915238e+00  1.54150000e-07  1.09914803e+00 
 1.54250000e-07  1.09998968e+00  1.54250000e-07  1.09992893e+00  1.54250000e-07  1.09921922e+00  1.54250000e-07  1.09921660e+00 
 1.54350000e-07  1.09998967e+00  1.54350000e-07  1.09992733e+00  1.54350000e-07  1.09929749e+00  1.54350000e-07  1.09929714e+00 
 1.54450000e-07  1.09998967e+00  1.54450000e-07  1.09992594e+00  1.54450000e-07  1.09939050e+00  1.54450000e-07  1.09938625e+00 
 1.54550000e-07  1.09998967e+00  1.54550000e-07  1.09992479e+00  1.54550000e-07  1.09948664e+00  1.54550000e-07  1.09948621e+00 
 1.54650000e-07  1.09998967e+00  1.54650000e-07  1.09992390e+00  1.54650000e-07  1.09959245e+00  1.54650000e-07  1.09959188e+00 
 1.54750000e-07  1.09998966e+00  1.54750000e-07  1.09992329e+00  1.54750000e-07  1.09970489e+00  1.54750000e-07  1.09970179e+00 
 1.54850000e-07  1.09998966e+00  1.54850000e-07  1.09992295e+00  1.54850000e-07  1.09981513e+00  1.54850000e-07  1.09981668e+00 
 1.54950000e-07  1.09998966e+00  1.54950000e-07  1.09992290e+00  1.54950000e-07  1.09993131e+00  1.54950000e-07  1.09993044e+00 
 1.55050000e-07  1.09998966e+00  1.55050000e-07  1.09992313e+00  1.55050000e-07  1.10004480e+00  1.55050000e-07  1.10004370e+00 
 1.55150000e-07  1.09998965e+00  1.55150000e-07  1.09992365e+00  1.55150000e-07  1.10015219e+00  1.55150000e-07  1.10015501e+00 
 1.55250000e-07  1.09998965e+00  1.55250000e-07  1.09992443e+00  1.55250000e-07  1.10026004e+00  1.55250000e-07  1.10025907e+00 
 1.55350000e-07  1.09998965e+00  1.55350000e-07  1.09992546e+00  1.55350000e-07  1.10035672e+00  1.55350000e-07  1.10035796e+00 
 1.55450000e-07  1.09998965e+00  1.55450000e-07  1.09992672e+00  1.55450000e-07  1.10044506e+00  1.55450000e-07  1.10044820e+00 
 1.55550000e-07  1.09998964e+00  1.55550000e-07  1.09992819e+00  1.55550000e-07  1.10052737e+00  1.55550000e-07  1.10052675e+00 
 1.55650000e-07  1.09998964e+00  1.55650000e-07  1.09992985e+00  1.55650000e-07  1.10059276e+00  1.55650000e-07  1.10059607e+00 
 1.55750000e-07  1.09998964e+00  1.55750000e-07  1.09993165e+00  1.55750000e-07  1.10064893e+00  1.55750000e-07  1.10065153e+00 
 1.55850000e-07  1.09998964e+00  1.55850000e-07  1.09993357e+00  1.55850000e-07  1.10069288e+00  1.55850000e-07  1.10069309e+00 
 1.55950000e-07  1.09998963e+00  1.55950000e-07  1.09993557e+00  1.55950000e-07  1.10071794e+00  1.55950000e-07  1.10072249e+00 
 1.56050000e-07  1.09998963e+00  1.56050000e-07  1.09993762e+00  1.56050000e-07  1.10073380e+00  1.56050000e-07  1.10073532e+00 
 1.56150000e-07  1.09998963e+00  1.56150000e-07  1.09993969e+00  1.56150000e-07  1.10073301e+00  1.56150000e-07  1.10073437e+00 
 1.56250000e-07  1.09998963e+00  1.56250000e-07  1.09994172e+00  1.56250000e-07  1.10071531e+00  1.56250000e-07  1.10071991e+00 
 1.56350000e-07  1.09998962e+00  1.56350000e-07  1.09994370e+00  1.56350000e-07  1.10068888e+00  1.56350000e-07  1.10068921e+00 
 1.56450000e-07  1.09998962e+00  1.56450000e-07  1.09994558e+00  1.56450000e-07  1.10064441e+00  1.56450000e-07  1.10064686e+00 
 1.56550000e-07  1.09998962e+00  1.56550000e-07  1.09994733e+00  1.56550000e-07  1.10058812e+00  1.56550000e-07  1.10059159e+00 
 1.56650000e-07  1.09998962e+00  1.56650000e-07  1.09994892e+00  1.56650000e-07  1.10052391e+00  1.56650000e-07  1.10052335e+00 
 1.56750000e-07  1.09998961e+00  1.56750000e-07  1.09995033e+00  1.56750000e-07  1.10044396e+00  1.56750000e-07  1.10044703e+00 
 1.56850000e-07  1.09998961e+00  1.56850000e-07  1.09995153e+00  1.56850000e-07  1.10035891e+00  1.56850000e-07  1.10036041e+00 
 1.56950000e-07  1.09998961e+00  1.56950000e-07  1.09995251e+00  1.56950000e-07  1.10026726e+00  1.56950000e-07  1.10026632e+00 
 1.57050000e-07  1.09998961e+00  1.57050000e-07  1.09995324e+00  1.57050000e-07  1.10016561e+00  1.57050000e-07  1.10016849e+00 
 1.57150000e-07  1.09998960e+00  1.57150000e-07  1.09995372e+00  1.57150000e-07  1.10006557e+00  1.57150000e-07  1.10006480e+00 
 1.57250000e-07  1.09998960e+00  1.57250000e-07  1.09995394e+00  1.57250000e-07  1.09996109e+00  1.57250000e-07  1.09996025e+00 
 1.57350000e-07  1.09998960e+00  1.57350000e-07  1.09995389e+00  1.57350000e-07  1.09985464e+00  1.57350000e-07  1.09985644e+00 
 1.57450000e-07  1.09998960e+00  1.57450000e-07  1.09995359e+00  1.57450000e-07  1.09975514e+00  1.57450000e-07  1.09975242e+00 
 1.57550000e-07  1.09998959e+00  1.57550000e-07  1.09995304e+00  1.57550000e-07  1.09965442e+00  1.57550000e-07  1.09965396e+00 
 1.57650000e-07  1.09998959e+00  1.57650000e-07  1.09995224e+00  1.57650000e-07  1.09956033e+00  1.57650000e-07  1.09956034e+00 
 1.57750000e-07  1.09998959e+00  1.57750000e-07  1.09995123e+00  1.57750000e-07  1.09947632e+00  1.57750000e-07  1.09947246e+00 
 1.57850000e-07  1.09998959e+00  1.57850000e-07  1.09995001e+00  1.57850000e-07  1.09939533e+00  1.57850000e-07  1.09939520e+00 
 1.57950000e-07  1.09998958e+00  1.57950000e-07  1.09994861e+00  1.57950000e-07  1.09932814e+00  1.57950000e-07  1.09932611e+00 
 1.58050000e-07  1.09998958e+00  1.58050000e-07  1.09994706e+00  1.58050000e-07  1.09927191e+00  1.58050000e-07  1.09926793e+00 
 1.58150000e-07  1.09998958e+00  1.58150000e-07  1.09994538e+00  1.58150000e-07  1.09922338e+00  1.58150000e-07  1.09922325e+00 
 1.58250000e-07  1.09998958e+00  1.58250000e-07  1.09994360e+00  1.58250000e-07  1.09919279e+00  1.58250000e-07  1.09918901e+00 
 1.58350000e-07  1.09998957e+00  1.58350000e-07  1.09994177e+00  1.58350000e-07  1.09917223e+00  1.58350000e-07  1.09916906e+00 
 1.58450000e-07  1.09998957e+00  1.58450000e-07  1.09993990e+00  1.58450000e-07  1.09916357e+00  1.58450000e-07  1.09916300e+00 
 1.58550000e-07  1.09998957e+00  1.58550000e-07  1.09993804e+00  1.58550000e-07  1.09917308e+00  1.58550000e-07  1.09916837e+00 
 1.58650000e-07  1.09998957e+00  1.58650000e-07  1.09993622e+00  1.58650000e-07  1.09919067e+00  1.58650000e-07  1.09918889e+00 
 1.58750000e-07  1.09998956e+00  1.58750000e-07  1.09993446e+00  1.58750000e-07  1.09922272e+00  1.58750000e-07  1.09922139e+00 
 1.58850000e-07  1.09998956e+00  1.58850000e-07  1.09993281e+00  1.58850000e-07  1.09926940e+00  1.58850000e-07  1.09926487e+00 
 1.58950000e-07  1.09998956e+00  1.58950000e-07  1.09993129e+00  1.58950000e-07  1.09932192e+00  1.58950000e-07  1.09932162e+00 
 1.59050000e-07  1.09998956e+00  1.59050000e-07  1.09992992e+00  1.59050000e-07  1.09938886e+00  1.59050000e-07  1.09938673e+00 
 1.59150000e-07  1.09998955e+00  1.59150000e-07  1.09992873e+00  1.59150000e-07  1.09946413e+00  1.59150000e-07  1.09946088e+00 
 1.59250000e-07  1.09998955e+00  1.59250000e-07  1.09992773e+00  1.59250000e-07  1.09954315e+00  1.59250000e-07  1.09954398e+00 
 1.59350000e-07  1.09998955e+00  1.59350000e-07  1.09992695e+00  1.59350000e-07  1.09963349e+00  1.59350000e-07  1.09963090e+00 
 1.59450000e-07  1.09998955e+00  1.59450000e-07  1.09992640e+00  1.59450000e-07  1.09972477e+00  1.59450000e-07  1.09972355e+00 
 1.59550000e-07  1.09998954e+00  1.59550000e-07  1.09992609e+00  1.59550000e-07  1.09981789e+00  1.59550000e-07  1.09981924e+00 
 1.59650000e-07  1.09998954e+00  1.59650000e-07  1.09992601e+00  1.59650000e-07  1.09991654e+00  1.59650000e-07  1.09991411e+00 
 1.59750000e-07  1.09998954e+00  1.59750000e-07  1.09992617e+00  1.59750000e-07  1.10000934e+00  1.59750000e-07  1.10001034e+00 
 1.59850000e-07  1.09998954e+00  1.59850000e-07  1.09992657e+00  1.59850000e-07  1.10010203e+00  1.59850000e-07  1.10010327e+00 
 1.59950000e-07  1.09998953e+00  1.59950000e-07  1.09992719e+00  1.59950000e-07  1.10019286e+00  1.59950000e-07  1.10019134e+00 
 1.60050000e-07  1.09998953e+00  1.60050000e-07  1.09992802e+00  1.60050000e-07  1.10027305e+00  1.60050000e-07  1.10027589e+00 
 1.60150000e-07  1.09998953e+00  1.60150000e-07  1.09992905e+00  1.60150000e-07  1.10035089e+00  1.60150000e-07  1.10035161e+00 
 1.60250000e-07  1.09998953e+00  1.60250000e-07  1.09993027e+00  1.60250000e-07  1.10041945e+00  1.60250000e-07  1.10041944e+00 
 1.60350000e-07  1.09998952e+00  1.60350000e-07  1.09993163e+00  1.60350000e-07  1.10047536e+00  1.60350000e-07  1.10047915e+00 
 1.60450000e-07  1.09998952e+00  1.60450000e-07  1.09993312e+00  1.60450000e-07  1.10052622e+00  1.60450000e-07  1.10052634e+00 
 1.60550000e-07  1.09998952e+00  1.60550000e-07  1.09993472e+00  1.60550000e-07  1.10056216e+00  1.60550000e-07  1.10056387e+00 
 1.60650000e-07  1.09998952e+00  1.60650000e-07  1.09993639e+00  1.60650000e-07  1.10058609e+00  1.60650000e-07  1.10058977e+00 
 1.60750000e-07  1.09998951e+00  1.60750000e-07  1.09993811e+00  1.60750000e-07  1.10060213e+00  1.60750000e-07  1.10060190e+00 
 1.60850000e-07  1.09998951e+00  1.60850000e-07  1.09993984e+00  1.60850000e-07  1.10060073e+00  1.60850000e-07  1.10060386e+00 
 1.60950000e-07  1.09998951e+00  1.60950000e-07  1.09994155e+00  1.60950000e-07  1.10058993e+00  1.60950000e-07  1.10059256e+00 
 1.61050000e-07  1.09998951e+00  1.61050000e-07  1.09994321e+00  1.61050000e-07  1.10056889e+00  1.61050000e-07  1.10056873e+00 
 1.61150000e-07  1.09998950e+00  1.61150000e-07  1.09994480e+00  1.61150000e-07  1.10053164e+00  1.61150000e-07  1.10053544e+00 
 1.61250000e-07  1.09998950e+00  1.61250000e-07  1.09994629e+00  1.61250000e-07  1.10048854e+00  1.61250000e-07  1.10048953e+00 
 1.61350000e-07  1.09998950e+00  1.61350000e-07  1.09994765e+00  1.61350000e-07  1.10043412e+00  1.61350000e-07  1.10043441e+00 
 1.61450000e-07  1.09998950e+00  1.61450000e-07  1.09994885e+00  1.61450000e-07  1.10036818e+00  1.61450000e-07  1.10037163e+00 
 1.61550000e-07  1.09998949e+00  1.61550000e-07  1.09994988e+00  1.61550000e-07  1.10029988e+00  1.61550000e-07  1.10029920e+00 
 1.61650000e-07  1.09998949e+00  1.61650000e-07  1.09995073e+00  1.61650000e-07  1.10022124e+00  1.61650000e-07  1.10022213e+00 
 1.61750000e-07  1.09998949e+00  1.61750000e-07  1.09995137e+00  1.61750000e-07  1.10013800e+00  1.61750000e-07  1.10014013e+00 
 1.61850000e-07  1.09998949e+00  1.61850000e-07  1.09995180e+00  1.61850000e-07  1.10005521e+00  1.61850000e-07  1.10005327e+00 
 1.61950000e-07  1.09998948e+00  1.61950000e-07  1.09995202e+00  1.61950000e-07  1.09996538e+00  1.61950000e-07  1.09996669e+00 
 1.62050000e-07  1.09998948e+00  1.62050000e-07  1.09995201e+00  1.62050000e-07  1.09987844e+00  1.62050000e-07  1.09987860e+00 
 1.62150000e-07  1.09998948e+00  1.62150000e-07  1.09995179e+00  1.62150000e-07  1.09979389e+00  1.62150000e-07  1.09979140e+00 
 1.62250000e-07  1.09998948e+00  1.62250000e-07  1.09995136e+00  1.62250000e-07  1.09970760e+00  1.62250000e-07  1.09970885e+00 
 1.62350000e-07  1.09998947e+00  1.62350000e-07  1.09995072e+00  1.62350000e-07  1.09963054e+00  1.62350000e-07  1.09962861e+00 
 1.62450000e-07  1.09998947e+00  1.62450000e-07  1.09994990e+00  1.62450000e-07  1.09955713e+00  1.62450000e-07  1.09955483e+00 
 1.62550000e-07  1.09998947e+00  1.62550000e-07  1.09994890e+00  1.62550000e-07  1.09948831e+00  1.62550000e-07  1.09948889e+00 
 1.62650000e-07  1.09998947e+00  1.62650000e-07  1.09994774e+00  1.62650000e-07  1.09943256e+00  1.62650000e-07  1.09942899e+00 
 1.62750000e-07  1.09998946e+00  1.62750000e-07  1.09994646e+00  1.62750000e-07  1.09938145e+00  1.62750000e-07  1.09937986e+00 
 1.62850000e-07  1.09998946e+00  1.62850000e-07  1.09994506e+00  1.62850000e-07  1.09934090e+00  1.62850000e-07  1.09934029e+00 
 1.62950000e-07  1.09998946e+00  1.62950000e-07  1.09994358e+00  1.62950000e-07  1.09931417e+00  1.62950000e-07  1.09930984e+00 
 1.63050000e-07  1.09998946e+00  1.63050000e-07  1.09994205e+00  1.63050000e-07  1.09929311e+00  1.63050000e-07  1.09929240e+00 
 1.63150000e-07  1.09998945e+00  1.63150000e-07  1.09994049e+00  1.63150000e-07  1.09928671e+00  1.63150000e-07  1.09928471e+00 
 1.63250000e-07  1.09998945e+00  1.63250000e-07  1.09993893e+00  1.63250000e-07  1.09929202e+00  1.63250000e-07  1.09928802e+00 
 1.63350000e-07  1.09998945e+00  1.63350000e-07  1.09993739e+00  1.63350000e-07  1.09930412e+00  1.63350000e-07  1.09930408e+00 
 1.63450000e-07  1.09998945e+00  1.63450000e-07  1.09993591e+00  1.63450000e-07  1.09933197e+00  1.63450000e-07  1.09932884e+00 
 1.63550000e-07  1.09998944e+00  1.63550000e-07  1.09993451e+00  1.63550000e-07  1.09936750e+00  1.63550000e-07  1.09936476e+00 
 1.63650000e-07  1.09998944e+00  1.63650000e-07  1.09993322e+00  1.63650000e-07  1.09941067e+00  1.63650000e-07  1.09941086e+00 
 1.63750000e-07  1.09998944e+00  1.63750000e-07  1.09993205e+00  1.63750000e-07  1.09946725e+00  1.63750000e-07  1.09946364e+00 
 1.63850000e-07  1.09998943e+00  1.63850000e-07  1.09993103e+00  1.63850000e-07  1.09952678e+00  1.63850000e-07  1.09952583e+00 
 1.63950000e-07  1.09998943e+00  1.63950000e-07  1.09993017e+00  1.63950000e-07  1.09959399e+00  1.63950000e-07  1.09959396e+00 
 1.64050000e-07  1.09998943e+00  1.64050000e-07  1.09992949e+00  1.64050000e-07  1.09966930e+00  1.64050000e-07  1.09966610e+00 
 1.64150000e-07  1.09998943e+00  1.64150000e-07  1.09992900e+00  1.64150000e-07  1.09974333e+00  1.64150000e-07  1.09974416e+00 
 1.64250000e-07  1.09998942e+00  1.64250000e-07  1.09992871e+00  1.64250000e-07  1.09982367e+00  1.64250000e-07  1.09982314e+00 
 1.64350000e-07  1.09998942e+00  1.64350000e-07  1.09992861e+00  1.64350000e-07  1.09990508e+00  1.64350000e-07  1.09990316e+00 
 1.64450000e-07  1.09998942e+00  1.64450000e-07  1.09992872e+00  1.64450000e-07  1.09998222e+00  1.64450000e-07  1.09998434e+00 
 1.64550000e-07  1.09998942e+00  1.64550000e-07  1.09992902e+00  1.64550000e-07  1.10006268e+00  1.64550000e-07  1.10006168e+00 
 1.64650000e-07  1.09998941e+00  1.64650000e-07  1.09992952e+00  1.64650000e-07  1.10013709e+00  1.64650000e-07  1.10013700e+00 
 1.64750000e-07  1.09998941e+00  1.64750000e-07  1.09993019e+00  1.64750000e-07  1.10020575e+00  1.64750000e-07  1.10020836e+00 
 1.64850000e-07  1.09998941e+00  1.64850000e-07  1.09993104e+00  1.64850000e-07  1.10027332e+00  1.64850000e-07  1.10027220e+00 
 1.64950000e-07  1.09998941e+00  1.64950000e-07  1.09993203e+00  1.64950000e-07  1.10032933e+00  1.64950000e-07  1.10033115e+00 
 1.65050000e-07  1.09998940e+00  1.65050000e-07  1.09993316e+00  1.65050000e-07  1.10037934e+00  1.65050000e-07  1.10038163e+00 
 1.65150000e-07  1.09998940e+00  1.65150000e-07  1.09993440e+00  1.65150000e-07  1.10042323e+00  1.65150000e-07  1.10042251e+00 
 1.65250000e-07  1.09998940e+00  1.65250000e-07  1.09993572e+00  1.65250000e-07  1.10045287e+00  1.65250000e-07  1.10045611e+00 
 1.65350000e-07  1.09998940e+00  1.65350000e-07  1.09993712e+00  1.65350000e-07  1.10047690e+00  1.65350000e-07  1.10047826e+00 
 1.65450000e-07  1.09998939e+00  1.65450000e-07  1.09993855e+00  1.65450000e-07  1.10049035e+00  1.65450000e-07  1.10049050e+00 
 1.65550000e-07  1.09998939e+00  1.65550000e-07  1.09994000e+00  1.65550000e-07  1.10049008e+00  1.65550000e-07  1.10049385e+00 
 1.65650000e-07  1.09998939e+00  1.65650000e-07  1.09994144e+00  1.65650000e-07  1.10048472e+00  1.65650000e-07  1.10048495e+00 
 1.65750000e-07  1.09998939e+00  1.65750000e-07  1.09994284e+00  1.65750000e-07  1.10046611e+00  1.65750000e-07  1.10046734e+00 
 1.65850000e-07  1.09998938e+00  1.65850000e-07  1.09994419e+00  1.65850000e-07  1.10043714e+00  1.65850000e-07  1.10044041e+00 
 1.65950000e-07  1.09998938e+00  1.65950000e-07  1.09994545e+00  1.65950000e-07  1.10040342e+00  1.65950000e-07  1.10040271e+00 
 1.66050000e-07  1.09998938e+00  1.66050000e-07  1.09994660e+00  1.66050000e-07  1.10035648e+00  1.66050000e-07  1.10035862e+00 
 1.66150000e-07  1.09998938e+00  1.66150000e-07  1.09994763e+00  1.66150000e-07  1.10030427e+00  1.66150000e-07  1.10030616e+00 
 1.66250000e-07  1.09998937e+00  1.66250000e-07  1.09994852e+00  1.66250000e-07  1.10024756e+00  1.66250000e-07  1.10024640e+00 
 1.66350000e-07  1.09998937e+00  1.66350000e-07  1.09994925e+00  1.66350000e-07  1.10018064e+00  1.66350000e-07  1.10018315e+00 
 1.66450000e-07  1.09998937e+00  1.66450000e-07  1.09994981e+00  1.66450000e-07  1.10011388e+00  1.66450000e-07  1.10011390e+00 
 1.66550000e-07  1.09998937e+00  1.66550000e-07  1.09995020e+00  1.66550000e-07  1.10004313e+00  1.66550000e-07  1.10004207e+00 
 1.66650000e-07  1.09998936e+00  1.66650000e-07  1.09995041e+00  1.66650000e-07  1.09996763e+00  1.66650000e-07  1.09996975e+00 
 1.66750000e-07  1.09998936e+00  1.66750000e-07  1.09995043e+00  1.66750000e-07  1.09989678e+00  1.66750000e-07  1.09989502e+00 
 1.66850000e-07  1.09998936e+00  1.66850000e-07  1.09995027e+00  1.66850000e-07  1.09982323e+00  1.66850000e-07  1.09982264e+00 
 1.66950000e-07  1.09998935e+00  1.66950000e-07  1.09994993e+00  1.66950000e-07  1.09975160e+00  1.66950000e-07  1.09975256e+00 
 1.67050000e-07  1.09998935e+00  1.67050000e-07  1.09994942e+00  1.67050000e-07  1.09968733e+00  1.67050000e-07  1.09968432e+00 
 1.67150000e-07  1.09998935e+00  1.67150000e-07  1.09994876e+00  1.67150000e-07  1.09962267e+00  1.67150000e-07  1.09962265e+00 
 1.67250000e-07  1.09998935e+00  1.67250000e-07  1.09994794e+00  1.67250000e-07  1.09956627e+00  1.67250000e-07  1.09956559e+00 
 1.67350000e-07  1.09998934e+00  1.67350000e-07  1.09994699e+00  1.67350000e-07  1.09951796e+00  1.67350000e-07  1.09951457e+00 
 1.67450000e-07  1.09998934e+00  1.67450000e-07  1.09994593e+00  1.67450000e-07  1.09947251e+00  1.67450000e-07  1.09947283e+00 
 1.67550000e-07  1.09998934e+00  1.67550000e-07  1.09994477e+00  1.67550000e-07  1.09943977e+00  1.67550000e-07  1.09943743e+00 
 1.67650000e-07  1.09998934e+00  1.67650000e-07  1.09994354e+00  1.67650000e-07  1.09941425e+00  1.67650000e-07  1.09941134e+00 
 1.67750000e-07  1.09998933e+00  1.67750000e-07  1.09994226e+00  1.67750000e-07  1.09939519e+00  1.67750000e-07  1.09939540e+00 
 1.67850000e-07  1.09998933e+00  1.67850000e-07  1.09994095e+00  1.67850000e-07  1.09939038e+00  1.67850000e-07  1.09938684e+00 
 1.67950000e-07  1.09998933e+00  1.67950000e-07  1.09993964e+00  1.67950000e-07  1.09939103e+00  1.67950000e-07  1.09938924e+00 
 1.68050000e-07  1.09998933e+00  1.68050000e-07  1.09993835e+00  1.68050000e-07  1.09940120e+00  1.68050000e-07  1.09940084e+00 
 1.68150000e-07  1.09998932e+00  1.68150000e-07  1.09993710e+00  1.68150000e-07  1.09942395e+00  1.68150000e-07  1.09942006e+00 
 1.68250000e-07  1.09998932e+00  1.68250000e-07  1.09993592e+00  1.68250000e-07  1.09945031e+00  1.68250000e-07  1.09944986e+00 
 1.68350000e-07  1.09998932e+00  1.68350000e-07  1.09993482e+00  1.68350000e-07  1.09948768e+00  1.68350000e-07  1.09948650e+00 
 1.68450000e-07  1.09998932e+00  1.68450000e-07  1.09993382e+00  1.68450000e-07  1.09953334e+00  1.68450000e-07  1.09953007e+00 
 1.68550000e-07  1.09998931e+00  1.68550000e-07  1.09993295e+00  1.68550000e-07  1.09958116e+00  1.68550000e-07  1.09958184e+00 
 1.68650000e-07  1.09998931e+00  1.68650000e-07  1.09993221e+00  1.68650000e-07  1.09963922e+00  1.68650000e-07  1.09963728e+00 
 1.68750000e-07  1.09998931e+00  1.68750000e-07  1.09993162e+00  1.68750000e-07  1.09969983e+00  1.68750000e-07  1.09969799e+00 
 1.68850000e-07  1.09998931e+00  1.68850000e-07  1.09993118e+00  1.68850000e-07  1.09976168e+00  1.68850000e-07  1.09976296e+00 
 1.68950000e-07  1.09998930e+00  1.68950000e-07  1.09993091e+00  1.68950000e-07  1.09983054e+00  1.68950000e-07  1.09982827e+00 
 1.69050000e-07  1.09998930e+00  1.69050000e-07  1.09993081e+00  1.69050000e-07  1.09989628e+00  1.69050000e-07  1.09989628e+00 
 1.69150000e-07  1.09998930e+00  1.69150000e-07  1.09993087e+00  1.69150000e-07  1.09996261e+00  1.69150000e-07  1.09996385e+00 
 1.69250000e-07  1.09998929e+00  1.69250000e-07  1.09993111e+00  1.69250000e-07  1.10003078e+00  1.69250000e-07  1.10002881e+00 
 1.69350000e-07  1.09998929e+00  1.69350000e-07  1.09993150e+00  1.69350000e-07  1.10009151e+00  1.69350000e-07  1.10009325e+00 
 1.69450000e-07  1.09998929e+00  1.69450000e-07  1.09993204e+00  1.69450000e-07  1.10015203e+00  1.69450000e-07  1.10015275e+00 
 1.69550000e-07  1.09998929e+00  1.69550000e-07  1.09993273e+00  1.69550000e-07  1.10020842e+00  1.69550000e-07  1.10020742e+00 
 1.69650000e-07  1.09998928e+00  1.69650000e-07  1.09993355e+00  1.69650000e-07  1.10025525e+00  1.69650000e-07  1.10025812e+00 
 1.69750000e-07  1.09998928e+00  1.69750000e-07  1.09993448e+00  1.69750000e-07  1.10030050e+00  1.69750000e-07  1.10030050e+00 
 1.69850000e-07  1.09998928e+00  1.69850000e-07  1.09993551e+00  1.69850000e-07  1.10033628e+00  1.69850000e-07  1.10033669e+00 
 1.69950000e-07  1.09998928e+00  1.69950000e-07  1.09993661e+00  1.69950000e-07  1.10036271e+00  1.69950000e-07  1.10036584e+00 
 1.70050000e-07  1.09998927e+00  1.70050000e-07  1.09993777e+00  1.70050000e-07  1.10038558e+00  1.70050000e-07  1.10038501e+00 
 1.70150000e-07  1.09998927e+00  1.70150000e-07  1.09993897e+00  1.70150000e-07  1.10039565e+00  1.70150000e-07  1.10039748e+00 
 1.70250000e-07  1.09998927e+00  1.70250000e-07  1.09994019e+00  1.70250000e-07  1.10039837e+00  1.70250000e-07  1.10040086e+00 
 1.70350000e-07  1.09998927e+00  1.70350000e-07  1.09994140e+00  1.70350000e-07  1.10039528e+00  1.70350000e-07  1.10039455e+00 
 1.70450000e-07  1.09998926e+00  1.70450000e-07  1.09994258e+00  1.70450000e-07  1.10037893e+00  1.70450000e-07  1.10038175e+00 
 1.70550000e-07  1.09998926e+00  1.70550000e-07  1.09994371e+00  1.70550000e-07  1.10035816e+00  1.70550000e-07  1.10035937e+00 
 1.70650000e-07  1.09998926e+00  1.70650000e-07  1.09994478e+00  1.70650000e-07  1.10032973e+00  1.70650000e-07  1.10032931e+00 
 1.70750000e-07  1.09998926e+00  1.70750000e-07  1.09994576e+00  1.70750000e-07  1.10029058e+00  1.70750000e-07  1.10029362e+00 
 1.70850000e-07  1.09998925e+00  1.70850000e-07  1.09994664e+00  1.70850000e-07  1.10024990e+00  1.70850000e-07  1.10024961e+00 
 1.70950000e-07  1.09998925e+00  1.70950000e-07  1.09994741e+00  1.70950000e-07  1.10020090e+00  1.70950000e-07  1.10020111e+00 
 1.71050000e-07  1.09998925e+00  1.71050000e-07  1.09994804e+00  1.71050000e-07  1.10014604e+00  1.71050000e-07  1.10014841e+00 
 1.71150000e-07  1.09998924e+00  1.71150000e-07  1.09994853e+00  1.71150000e-07  1.10009183e+00  1.71150000e-07  1.10009029e+00 
 1.71250000e-07  1.09998924e+00  1.71250000e-07  1.09994888e+00  1.71250000e-07  1.10003043e+00  1.71250000e-07  1.10003131e+00 
 1.71350000e-07  1.09998924e+00  1.71350000e-07  1.09994908e+00  1.71350000e-07  1.09996912e+00  1.71350000e-07  1.09997008e+00 
 1.71450000e-07  1.09998924e+00  1.71450000e-07  1.09994912e+00  1.71450000e-07  1.09990964e+00  1.71450000e-07  1.09990743e+00 
 1.71550000e-07  1.09998923e+00  1.71550000e-07  1.09994901e+00  1.71550000e-07  1.09984603e+00  1.71550000e-07  1.09984728e+00 
 1.71650000e-07  1.09998923e+00  1.71650000e-07  1.09994874e+00  1.71650000e-07  1.09978805e+00  1.71650000e-07  1.09978724e+00 
 1.71750000e-07  1.09998923e+00  1.71750000e-07  1.09994834e+00  1.71750000e-07  1.09973228e+00  1.71750000e-07  1.09973012e+00 
 1.71850000e-07  1.09998923e+00  1.71850000e-07  1.09994780e+00  1.71850000e-07  1.09967693e+00  1.71850000e-07  1.09967801e+00 
 1.71950000e-07  1.09998922e+00  1.71950000e-07  1.09994713e+00  1.71950000e-07  1.09963102e+00  1.71950000e-07  1.09962860e+00 
 1.72050000e-07  1.09998922e+00  1.72050000e-07  1.09994635e+00  1.72050000e-07  1.09958741e+00  1.72050000e-07  1.09958587e+00 
 1.72150000e-07  1.09998922e+00  1.72150000e-07  1.09994547e+00  1.72150000e-07  1.09954925e+00  1.72150000e-07  1.09954959e+00 
 1.72250000e-07  1.09998922e+00  1.72250000e-07  1.09994451e+00  1.72250000e-07  1.09952188e+00  1.72250000e-07  1.09951846e+00 
 1.72350000e-07  1.09998921e+00  1.72350000e-07  1.09994349e+00  1.72350000e-07  1.09949708e+00  1.72350000e-07  1.09949643e+00 
 1.72450000e-07  1.09998921e+00  1.72450000e-07  1.09994242e+00  1.72450000e-07  1.09948197e+00  1.72450000e-07  1.09948116e+00 
 1.72550000e-07  1.09998921e+00  1.72550000e-07  1.09994133e+00  1.72550000e-07  1.09947650e+00  1.72550000e-07  1.09947296e+00 
 1.72650000e-07  1.09998921e+00  1.72650000e-07  1.09994023e+00  1.72650000e-07  1.09947434e+00  1.72650000e-07  1.09947447e+00 
 1.72750000e-07  1.09998920e+00  1.72750000e-07  1.09993914e+00  1.72750000e-07  1.09948414e+00  1.72750000e-07  1.09948213e+00 
 1.72850000e-07  1.09998920e+00  1.72850000e-07  1.09993809e+00  1.72850000e-07  1.09950056e+00  1.72850000e-07  1.09949780e+00 
 1.72950000e-07  1.09998920e+00  1.72950000e-07  1.09993709e+00  1.72950000e-07  1.09952136e+00  1.72950000e-07  1.09952188e+00 
 1.73050000e-07  1.09998919e+00  1.73050000e-07  1.09993616e+00  1.73050000e-07  1.09955372e+00  1.73050000e-07  1.09955088e+00 
 1.73150000e-07  1.09998919e+00  1.73150000e-07  1.09993531e+00  1.73150000e-07  1.09958885e+00  1.73150000e-07  1.09958748e+00 
 1.73250000e-07  1.09998919e+00  1.73250000e-07  1.09993456e+00  1.73250000e-07  1.09962930e+00  1.73250000e-07  1.09962972e+00 
 1.73350000e-07  1.09998919e+00  1.73350000e-07  1.09993392e+00  1.73350000e-07  1.09967821e+00  1.73350000e-07  1.09967523e+00 
 1.73450000e-07  1.09998918e+00  1.73450000e-07  1.09993341e+00  1.73450000e-07  1.09972632e+00  1.73450000e-07  1.09972653e+00 
 1.73550000e-07  1.09998918e+00  1.73550000e-07  1.09993303e+00  1.73550000e-07  1.09977991e+00  1.73550000e-07  1.09977982e+00 
 1.73650000e-07  1.09998918e+00  1.73650000e-07  1.09993278e+00  1.73650000e-07  1.09983689e+00  1.73650000e-07  1.09983457e+00 
 1.73750000e-07  1.09998918e+00  1.73750000e-07  1.09993268e+00  1.73750000e-07  1.09989057e+00  1.73750000e-07  1.09989208e+00 
 1.73850000e-07  1.09998917e+00  1.73850000e-07  1.09993271e+00  1.73850000e-07  1.09994861e+00  1.73850000e-07  1.09994787e+00 
 1.73950000e-07  1.09998917e+00  1.73950000e-07  1.09993289e+00  1.73950000e-07  1.10000424e+00  1.73950000e-07  1.10000325e+00 
 1.74050000e-07  1.09998917e+00  1.74050000e-07  1.09993320e+00  1.74050000e-07  1.10005548e+00  1.74050000e-07  1.10005766e+00 
 1.74150000e-07  1.09998917e+00  1.74150000e-07  1.09993364e+00  1.74150000e-07  1.10010851e+00  1.74150000e-07  1.10010731e+00 
 1.74250000e-07  1.09998916e+00  1.74250000e-07  1.09993420e+00  1.74250000e-07  1.10015405e+00  1.74250000e-07  1.10015469e+00 
 1.74350000e-07  1.09998916e+00  1.74350000e-07  1.09993487e+00  1.74350000e-07  1.10019532e+00  1.74350000e-07  1.10019740e+00 
 1.74450000e-07  1.09998916e+00  1.74450000e-07  1.09993563e+00  1.74450000e-07  1.10023470e+00  1.74450000e-07  1.10023350e+00 
 1.74550000e-07  1.09998915e+00  1.74550000e-07  1.09993649e+00  1.74550000e-07  1.10026348e+00  1.74550000e-07  1.10026558e+00 
 1.74650000e-07  1.09998915e+00  1.74650000e-07  1.09993740e+00  1.74650000e-07  1.10028877e+00  1.74650000e-07  1.10029011e+00 
 1.74750000e-07  1.09998915e+00  1.74750000e-07  1.09993837e+00  1.74750000e-07  1.10030818e+00  1.74750000e-07  1.10030749e+00 
 1.74850000e-07  1.09998915e+00  1.74850000e-07  1.09993938e+00  1.74850000e-07  1.10031649e+00  1.74850000e-07  1.10031944e+00 
 1.74950000e-07  1.09998914e+00  1.74950000e-07  1.09994039e+00  1.74950000e-07  1.10032211e+00  1.74950000e-07  1.10032241e+00 
 1.75050000e-07  1.09998914e+00  1.75050000e-07  1.09994141e+00  1.75050000e-07  1.10031868e+00  1.75050000e-07  1.10031890e+00 
 1.75150000e-07  1.09998914e+00  1.75150000e-07  1.09994241e+00  1.75150000e-07  1.10030616e+00  1.75150000e-07  1.10030911e+00 
 1.75250000e-07  1.09998914e+00  1.75250000e-07  1.09994336e+00  1.75250000e-07  1.10029134e+00  1.75250000e-07  1.10029065e+00 
 1.75350000e-07  1.09998913e+00  1.75350000e-07  1.09994427e+00  1.75350000e-07  1.10026606e+00  1.75350000e-07  1.10026729e+00 
 1.75450000e-07  1.09998913e+00  1.75450000e-07  1.09994510e+00  1.75450000e-07  1.10023553e+00  1.75450000e-07  1.10023760e+00 
 1.75550000e-07  1.09998913e+00  1.75550000e-07  1.09994586e+00  1.75550000e-07  1.10020254e+00  1.75550000e-07  1.10020128e+00 
 1.75650000e-07  1.09998913e+00  1.75650000e-07  1.09994651e+00  1.75650000e-07  1.10016011e+00  1.75650000e-07  1.10016205e+00 
 1.75750000e-07  1.09998912e+00  1.75750000e-07  1.09994706e+00  1.75750000e-07  1.10011687e+00  1.75750000e-07  1.10011749e+00 
 1.75850000e-07  1.09998912e+00  1.75850000e-07  1.09994749e+00  1.75850000e-07  1.10007084e+00  1.75850000e-07  1.10006955e+00 
 1.75950000e-07  1.09998912e+00  1.75950000e-07  1.09994780e+00  1.75950000e-07  1.10001869e+00  1.75950000e-07  1.10002075e+00 
 1.76050000e-07  1.09998911e+00  1.76050000e-07  1.09994799e+00  1.76050000e-07  1.09996964e+00  1.76050000e-07  1.09996866e+00 
 1.76150000e-07  1.09998911e+00  1.76150000e-07  1.09994804e+00  1.76150000e-07  1.09991778e+00  1.76150000e-07  1.09991694e+00 
 1.76250000e-07  1.09998911e+00  1.76250000e-07  1.09994797e+00  1.76250000e-07  1.09986474e+00  1.76250000e-07  1.09986621e+00 
 1.76350000e-07  1.09998911e+00  1.76350000e-07  1.09994776e+00  1.76350000e-07  1.09981731e+00  1.76350000e-07  1.09981504e+00 
 1.76450000e-07  1.09998910e+00  1.76450000e-07  1.09994744e+00  1.76450000e-07  1.09976786e+00  1.76450000e-07  1.09976769e+00 
 1.76550000e-07  1.09998910e+00  1.76550000e-07  1.09994700e+00  1.76550000e-07  1.09972259e+00  1.76550000e-07  1.09972286e+00 
 1.76650000e-07  1.09998910e+00  1.76650000e-07  1.09994646e+00  1.76650000e-07  1.09968365e+00  1.76650000e-07  1.09968077e+00 
 1.76750000e-07  1.09998910e+00  1.76750000e-07  1.09994582e+00  1.76750000e-07  1.09964457e+00  1.76750000e-07  1.09964498e+00 
 1.76850000e-07  1.09998909e+00  1.76850000e-07  1.09994509e+00  1.76850000e-07  1.09961406e+00  1.76850000e-07  1.09961288e+00 
 1.76950000e-07  1.09998909e+00  1.76950000e-07  1.09994430e+00  1.76950000e-07  1.09958910e+00  1.76950000e-07  1.09958640e+00 
 1.77050000e-07  1.09998909e+00  1.77050000e-07  1.09994345e+00  1.77050000e-07  1.09956670e+00  1.77050000e-07  1.09956732e+00 
 1.77150000e-07  1.09998909e+00  1.77150000e-07  1.09994256e+00  1.77150000e-07  1.09955522e+00  1.77150000e-07  1.09955274e+00 
 1.77250000e-07  1.09998908e+00  1.77250000e-07  1.09994165e+00  1.77250000e-07  1.09954760e+00  1.77250000e-07  1.09954575e+00 
 1.77350000e-07  1.09998908e+00  1.77350000e-07  1.09994072e+00  1.77350000e-07  1.09954548e+00  1.77350000e-07  1.09954580e+00 
 1.77450000e-07  1.09998908e+00  1.77450000e-07  1.09993981e+00  1.77450000e-07  1.09955399e+00  1.77450000e-07  1.09955079e+00 
 1.77550000e-07  1.09998907e+00  1.77550000e-07  1.09993893e+00  1.77550000e-07  1.09956459e+00  1.77550000e-07  1.09956393e+00 
 1.77650000e-07  1.09998907e+00  1.77650000e-07  1.09993808e+00  1.77650000e-07  1.09958294e+00  1.77650000e-07  1.09958256e+00 
 1.77750000e-07  1.09998907e+00  1.77750000e-07  1.09993729e+00  1.77750000e-07  1.09960920e+00  1.77750000e-07  1.09960610e+00 
 1.77850000e-07  1.09998907e+00  1.77850000e-07  1.09993657e+00  1.77850000e-07  1.09963627e+00  1.77850000e-07  1.09963673e+00 
 1.77950000e-07  1.09998906e+00  1.77950000e-07  1.09993593e+00  1.77950000e-07  1.09967183e+00  1.77950000e-07  1.09967060e+00 
 1.78050000e-07  1.09998906e+00  1.78050000e-07  1.09993538e+00  1.78050000e-07  1.09971095e+00  1.78050000e-07  1.09970876e+00 
 1.78150000e-07  1.09998906e+00  1.78150000e-07  1.09993494e+00  1.78150000e-07  1.09975037e+00  1.78150000e-07  1.09975154e+00 
 1.78250000e-07  1.09998906e+00  1.78250000e-07  1.09993460e+00  1.78250000e-07  1.09979699e+00  1.78250000e-07  1.09979511e+00 
 1.78350000e-07  1.09998905e+00  1.78350000e-07  1.09993438e+00  1.78350000e-07  1.09984242e+00  1.78350000e-07  1.09984168e+00 
 1.78450000e-07  1.09998905e+00  1.78450000e-07  1.09993427e+00  1.78450000e-07  1.09988820e+00  1.78450000e-07  1.09988948e+00 
 1.78550000e-07  1.09998905e+00  1.78550000e-07  1.09993429e+00  1.78550000e-07  1.09993793e+00  1.78550000e-07  1.09993590e+00 
 1.78650000e-07  1.09998905e+00  1.78650000e-07  1.09993442e+00  1.78650000e-07  1.09998255e+00  1.78650000e-07  1.09998338e+00 
 1.78750000e-07  1.09998904e+00  1.78750000e-07  1.09993466e+00  1.78750000e-07  1.10002768e+00  1.78750000e-07  1.10002852e+00 
 1.78850000e-07  1.09998904e+00  1.78850000e-07  1.09993502e+00  1.78850000e-07  1.10007222e+00  1.78850000e-07  1.10007067e+00 
 1.78950000e-07  1.09998904e+00  1.78950000e-07  1.09993547e+00  1.78950000e-07  1.10010942e+00  1.78950000e-07  1.10011148e+00 
 1.79050000e-07  1.09998903e+00  1.79050000e-07  1.09993602e+00  1.79050000e-07  1.10014688e+00  1.79050000e-07  1.10014698e+00 
 1.79150000e-07  1.09998903e+00  1.79150000e-07  1.09993666e+00  1.79150000e-07  1.10017905e+00  1.79150000e-07  1.10017852e+00 
 1.79250000e-07  1.09998903e+00  1.79250000e-07  1.09993736e+00  1.79250000e-07  1.10020366e+00  1.79250000e-07  1.10020626e+00 
 1.79350000e-07  1.09998903e+00  1.79350000e-07  1.09993812e+00  1.79350000e-07  1.10022751e+00  1.79350000e-07  1.10022689e+00 
 1.79450000e-07  1.09998902e+00  1.79450000e-07  1.09993893e+00  1.79450000e-07  1.10024243e+00  1.79450000e-07  1.10024318e+00 
 1.79550000e-07  1.09998902e+00  1.79550000e-07  1.09993977e+00  1.79550000e-07  1.10025131e+00  1.79550000e-07  1.10025364e+00 
 1.79650000e-07  1.09998902e+00  1.79650000e-07  1.09994062e+00  1.79650000e-07  1.10025769e+00  1.79650000e-07  1.10025668e+00 
 1.79750000e-07  1.09998902e+00  1.79750000e-07  1.09994148e+00  1.79750000e-07  1.10025357e+00  1.79750000e-07  1.10025545e+00 
 1.79850000e-07  1.09998901e+00  1.79850000e-07  1.09994232e+00  1.79850000e-07  1.10024592e+00  1.79850000e-07  1.10024730e+00 
 1.79950000e-07  1.09998901e+00  1.79950000e-07  1.09994313e+00  1.79950000e-07  1.10023377e+00  1.79950000e-07  1.10023285e+00 
 1.80050000e-07  1.09998901e+00  1.80050000e-07  1.09994389e+00  1.80050000e-07  1.10021206e+00  1.80050000e-07  1.10021454e+00 
 1.80150000e-07  1.09998900e+00  1.80150000e-07  1.09994460e+00  1.80150000e-07  1.10018939e+00  1.80150000e-07  1.10018947e+00 
 1.80250000e-07  1.09998900e+00  1.80250000e-07  1.09994525e+00  1.80250000e-07  1.10016070e+00  1.80250000e-07  1.10016031e+00 
 1.80350000e-07  1.09998900e+00  1.80350000e-07  1.09994581e+00  1.80350000e-07  1.10012563e+00  1.80350000e-07  1.10012797e+00 
 1.80450000e-07  1.09998900e+00  1.80450000e-07  1.09994628e+00  1.80450000e-07  1.10009152e+00  1.80450000e-07  1.10009038e+00 
 1.80550000e-07  1.09998899e+00  1.80550000e-07  1.09994666e+00  1.80550000e-07  1.10005106e+00  1.80550000e-07  1.10005142e+00 
 1.80650000e-07  1.09998899e+00  1.80650000e-07  1.09994693e+00  1.80650000e-07  1.10000881e+00  1.80650000e-07  1.10001025e+00 
 1.80750000e-07  1.09998899e+00  1.80750000e-07  1.09994710e+00  1.80750000e-07  1.09996840e+00  1.80750000e-07  1.09996648e+00 
 1.80850000e-07  1.09998899e+00  1.80850000e-07  1.09994717e+00  1.80850000e-07  1.09992295e+00  1.80850000e-07  1.09992393e+00 
 1.80950000e-07  1.09998898e+00  1.80950000e-07  1.09994712e+00  1.80950000e-07  1.09988045e+00  1.80950000e-07  1.09988049e+00 
 1.81050000e-07  1.09998898e+00  1.81050000e-07  1.09994697e+00  1.81050000e-07  1.09983975e+00  1.81050000e-07  1.09983768e+00 
 1.81150000e-07  1.09998898e+00  1.81150000e-07  1.09994671e+00  1.81150000e-07  1.09979690e+00  1.81150000e-07  1.09979812e+00 
 1.81250000e-07  1.09998898e+00  1.81250000e-07  1.09994636e+00  1.81250000e-07  1.09976072e+00  1.81250000e-07  1.09975926e+00 
 1.81350000e-07  1.09998897e+00  1.81350000e-07  1.09994592e+00  1.81350000e-07  1.09972579e+00  1.81350000e-07  1.09972419e+00 
 1.81450000e-07  1.09998897e+00  1.81450000e-07  1.09994539e+00  1.81450000e-07  1.09969265e+00  1.81450000e-07  1.09969354e+00 
 1.81550000e-07  1.09998897e+00  1.81550000e-07  1.09994479e+00  1.81550000e-07  1.09966796e+00  1.81550000e-07  1.09966537e+00 
 1.81650000e-07  1.09998896e+00  1.81650000e-07  1.09994414e+00  1.81650000e-07  1.09964412e+00  1.81650000e-07  1.09964335e+00 
 1.81750000e-07  1.09998896e+00  1.81750000e-07  1.09994343e+00  1.81750000e-07  1.09962600e+00  1.81750000e-07  1.09962604e+00 
 1.81850000e-07  1.09998896e+00  1.81850000e-07  1.09994269e+00  1.81850000e-07  1.09961595e+00  1.81850000e-07  1.09961290e+00 
 1.81950000e-07  1.09998896e+00  1.81950000e-07  1.09994193e+00  1.81950000e-07  1.09960690e+00  1.81950000e-07  1.09960699e+00 
 1.82050000e-07  1.09998895e+00  1.82050000e-07  1.09994115e+00  1.82050000e-07  1.09960644e+00  1.82050000e-07  1.09960539e+00 
 1.82150000e-07  1.09998895e+00  1.82150000e-07  1.09994039e+00  1.82150000e-07  1.09961186e+00  1.82150000e-07  1.09960916e+00 
 1.82250000e-07  1.09998895e+00  1.82250000e-07  1.09993964e+00  1.82250000e-07  1.09961910e+00  1.82250000e-07  1.09961976e+00 
 1.82350000e-07  1.09998895e+00  1.82350000e-07  1.09993893e+00  1.82350000e-07  1.09963585e+00  1.82350000e-07  1.09963381e+00 
 1.82450000e-07  1.09998894e+00  1.82450000e-07  1.09993826e+00  1.82450000e-07  1.09965530e+00  1.82450000e-07  1.09965363e+00 
 1.82550000e-07  1.09998894e+00  1.82550000e-07  1.09993764e+00  1.82550000e-07  1.09967780e+00  1.82550000e-07  1.09967854e+00 
 1.82650000e-07  1.09998894e+00  1.82650000e-07  1.09993710e+00  1.82650000e-07  1.09970842e+00  1.82650000e-07  1.09970585e+00 
 1.82750000e-07  1.09998893e+00  1.82750000e-07  1.09993663e+00  1.82750000e-07  1.09973857e+00  1.82750000e-07  1.09973826e+00 
 1.82850000e-07  1.09998893e+00  1.82850000e-07  1.09993624e+00  1.82850000e-07  1.09977281e+00  1.82850000e-07  1.09977314e+00 
 1.82950000e-07  1.09998893e+00  1.82950000e-07  1.09993595e+00  1.82950000e-07  1.09981174e+00  1.82950000e-07  1.09980934e+00 
 1.83050000e-07  1.09998893e+00  1.83050000e-07  1.09993575e+00  1.83050000e-07  1.09984793e+00  1.83050000e-07  1.09984889e+00 
 1.83150000e-07  1.09998892e+00  1.83150000e-07  1.09993565e+00  1.83150000e-07  1.09988839e+00  1.83150000e-07  1.09988804e+00 
 1.83250000e-07  1.09998892e+00  1.83250000e-07  1.09993565e+00  1.83250000e-07  1.09992899e+00  1.83250000e-07  1.09992743e+00 
 1.83350000e-07  1.09998892e+00  1.83350000e-07  1.09993574e+00  1.83350000e-07  1.09996586e+00  1.83350000e-07  1.09996763e+00 
 1.83450000e-07  1.09998892e+00  1.83450000e-07  1.09993593e+00  1.83450000e-07  1.10000592e+00  1.83450000e-07  1.10000490e+00 
 1.83550000e-07  1.09998891e+00  1.83550000e-07  1.09993622e+00  1.83550000e-07  1.10004161e+00  1.83550000e-07  1.10004135e+00 
 1.83650000e-07  1.09998891e+00  1.83650000e-07  1.09993659e+00  1.83650000e-07  1.10007383e+00  1.83650000e-07  1.10007573e+00 
 1.83750000e-07  1.09998891e+00  1.83750000e-07  1.09993704e+00  1.83750000e-07  1.10010686e+00  1.83750000e-07  1.10010551e+00 
 1.83850000e-07  1.09998890e+00  1.83850000e-07  1.09993756e+00  1.83850000e-07  1.10013224e+00  1.83850000e-07  1.10013336e+00 
 1.83950000e-07  1.09998890e+00  1.83950000e-07  1.09993815e+00  1.83950000e-07  1.10015518e+00  1.83950000e-07  1.10015657e+00 
 1.84050000e-07  1.09998890e+00  1.84050000e-07  1.09993878e+00  1.84050000e-07  1.10017574e+00  1.84050000e-07  1.10017456e+00 
 1.84150000e-07  1.09998890e+00  1.84150000e-07  1.09993946e+00  1.84150000e-07  1.10018738e+00  1.84150000e-07  1.10018954e+00 
 1.84250000e-07  1.09998889e+00  1.84250000e-07  1.09994016e+00  1.84250000e-07  1.10019771e+00  1.84250000e-07  1.10019817e+00 
 1.84350000e-07  1.09998889e+00  1.84350000e-07  1.09994087e+00  1.84350000e-07  1.10020250e+00  1.84350000e-07  1.10020197e+00 
 1.84450000e-07  1.09998889e+00  1.84450000e-07  1.09994159e+00  1.84450000e-07  1.10019933e+00  1.84450000e-07  1.10020185e+00 
 1.84550000e-07  1.09998889e+00  1.84550000e-07  1.09994230e+00  1.84550000e-07  1.10019550e+00  1.84550000e-07  1.10019498e+00 
 1.84650000e-07  1.09998888e+00  1.84650000e-07  1.09994298e+00  1.84650000e-07  1.10018396e+00  1.84650000e-07  1.10018437e+00 
 1.84750000e-07  1.09998888e+00  1.84750000e-07  1.09994363e+00  1.84750000e-07  1.10016723e+00  1.84750000e-07  1.10016934e+00 
 1.84850000e-07  1.09998888e+00  1.84850000e-07  1.09994423e+00  1.84850000e-07  1.10014977e+00  1.84850000e-07  1.10014853e+00 
 1.84950000e-07  1.09998887e+00  1.84950000e-07  1.09994478e+00  1.84950000e-07  1.10012417e+00  1.84950000e-07  1.10012545e+00 
 1.85050000e-07  1.09998887e+00  1.85050000e-07  1.09994526e+00  1.85050000e-07  1.10009704e+00  1.85050000e-07  1.10009809e+00 
 1.85150000e-07  1.09998887e+00  1.85150000e-07  1.09994567e+00  1.85150000e-07  1.10006852e+00  1.85150000e-07  1.10006709e+00 
 1.85250000e-07  1.09998887e+00  1.85250000e-07  1.09994600e+00  1.85250000e-07  1.10003351e+00  1.85250000e-07  1.10003528e+00 
 1.85350000e-07  1.09998886e+00  1.85350000e-07  1.09994625e+00  1.85350000e-07  1.10000045e+00  1.85350000e-07  1.10000012e+00 
 1.85450000e-07  1.09998886e+00  1.85450000e-07  1.09994640e+00  1.85450000e-07  1.09996524e+00  1.85450000e-07  1.09996413e+00 
 1.85550000e-07  1.09998886e+00  1.85550000e-07  1.09994647e+00  1.85550000e-07  1.09992694e+00  1.85550000e-07  1.09992858e+00 
 1.85650000e-07  1.09998886e+00  1.85650000e-07  1.09994644e+00  1.85650000e-07  1.09989300e+00  1.85650000e-07  1.09989139e+00 
 1.85750000e-07  1.09998885e+00  1.85750000e-07  1.09994633e+00  1.85750000e-07  1.09985663e+00  1.85750000e-07  1.09985618e+00 
 1.85850000e-07  1.09998885e+00  1.85850000e-07  1.09994613e+00  1.85850000e-07  1.09982147e+00  1.85850000e-07  1.09982236e+00 
 1.85950000e-07  1.09998885e+00  1.85950000e-07  1.09994584e+00  1.85950000e-07  1.09979156e+00  1.85950000e-07  1.09978917e+00 
 1.86050000e-07  1.09998884e+00  1.86050000e-07  1.09994548e+00  1.86050000e-07  1.09975988e+00  1.86050000e-07  1.09976016e+00 
 1.86150000e-07  1.09998884e+00  1.86150000e-07  1.09994505e+00  1.86150000e-07  1.09973352e+00  1.86150000e-07  1.09973323e+00 
 1.86250000e-07  1.09998884e+00  1.86250000e-07  1.09994456e+00  1.86250000e-07  1.09971178e+00  1.86250000e-07  1.09970928e+00 
 1.86350000e-07  1.09998884e+00  1.86350000e-07  1.09994402e+00  1.86350000e-07  1.09969000e+00  1.86350000e-07  1.09969072e+00 
 1.86450000e-07  1.09998883e+00  1.86450000e-07  1.09994343e+00  1.86450000e-07  1.09967630e+00  1.86450000e-07  1.09967475e+00 
 1.86550000e-07  1.09998883e+00  1.86550000e-07  1.09994282e+00  1.86550000e-07  1.09966564e+00  1.86550000e-07  1.09966372e+00 
 1.86650000e-07  1.09998883e+00  1.86650000e-07  1.09994218e+00  1.86650000e-07  1.09965738e+00  1.86650000e-07  1.09965810e+00 
 1.86750000e-07  1.09998883e+00  1.86750000e-07  1.09994153e+00  1.86750000e-07  1.09965792e+00  1.86750000e-07  1.09965545e+00 
 1.86850000e-07  1.09998882e+00  1.86850000e-07  1.09994089e+00  1.86850000e-07  1.09965970e+00  1.86850000e-07  1.09965879e+00 
 1.86950000e-07  1.09998882e+00  1.86950000e-07  1.09994026e+00  1.86950000e-07  1.09966631e+00  1.86950000e-07  1.09966655e+00 
 1.87050000e-07  1.09998882e+00  1.87050000e-07  1.09993966e+00  1.87050000e-07  1.09968028e+00  1.87050000e-07  1.09967751e+00 
 1.87150000e-07  1.09998881e+00  1.87150000e-07  1.09993909e+00  1.87150000e-07  1.09969413e+00  1.87150000e-07  1.09969431e+00 
 1.87250000e-07  1.09998881e+00  1.87250000e-07  1.09993857e+00  1.87250000e-07  1.09971444e+00  1.87250000e-07  1.09971388e+00 
 1.87350000e-07  1.09998881e+00  1.87350000e-07  1.09993811e+00  1.87350000e-07  1.09973893e+00  1.87350000e-07  1.09973660e+00 
 1.87450000e-07  1.09998881e+00  1.87450000e-07  1.09993771e+00  1.87450000e-07  1.09976280e+00  1.87450000e-07  1.09976379e+00 
 1.87550000e-07  1.09998880e+00  1.87550000e-07  1.09993737e+00  1.87550000e-07  1.09979324e+00  1.87550000e-07  1.09979188e+00 
 1.87650000e-07  1.09998880e+00  1.87650000e-07  1.09993712e+00  1.87650000e-07  1.09982394e+00  1.87650000e-07  1.09982267e+00 
 1.87750000e-07  1.09998880e+00  1.87750000e-07  1.09993694e+00  1.87750000e-07  1.09985432e+00  1.87750000e-07  1.09985559e+00 
 1.87850000e-07  1.09998880e+00  1.87850000e-07  1.09993684e+00  1.87850000e-07  1.09988960e+00  1.87850000e-07  1.09988776e+00 
 1.87950000e-07  1.09998879e+00  1.87950000e-07  1.09993683e+00  1.87950000e-07  1.09992155e+00  1.87950000e-07  1.09992164e+00 
 1.88050000e-07  1.09998879e+00  1.88050000e-07  1.09993690e+00  1.88050000e-07  1.09995390e+00  1.88050000e-07  1.09995490e+00 
 1.88150000e-07  1.09998879e+00  1.88150000e-07  1.09993705e+00  1.88150000e-07  1.09998798e+00  1.88150000e-07  1.09998620e+00 
 1.88250000e-07  1.09998878e+00  1.88250000e-07  1.09993728e+00  1.88250000e-07  1.10001640e+00  1.88250000e-07  1.10001772e+00 
 1.88350000e-07  1.09998878e+00  1.88350000e-07  1.09993758e+00  1.88350000e-07  1.10004575e+00  1.88350000e-07  1.10004607e+00 
 1.88450000e-07  1.09998878e+00  1.88450000e-07  1.09993795e+00  1.88450000e-07  1.10007295e+00  1.88450000e-07  1.10007180e+00 
 1.88550000e-07  1.09998878e+00  1.88550000e-07  1.09993838e+00  1.88550000e-07  1.10009386e+00  1.88550000e-07  1.10009594e+00 
 1.88650000e-07  1.09998877e+00  1.88650000e-07  1.09993886e+00  1.88650000e-07  1.10011558e+00  1.88650000e-07  1.10011511e+00 
 1.88750000e-07  1.09998877e+00  1.88750000e-07  1.09993939e+00  1.88750000e-07  1.10013156e+00  1.88750000e-07  1.10013146e+00 
 1.88850000e-07  1.09998877e+00  1.88850000e-07  1.09993995e+00  1.88850000e-07  1.10014231e+00  1.88850000e-07  1.10014444e+00 
 1.88950000e-07  1.09998877e+00  1.88950000e-07  1.09994054e+00  1.88950000e-07  1.10015283e+00  1.88950000e-07  1.10015178e+00 
 1.89050000e-07  1.09998876e+00  1.89050000e-07  1.09994114e+00  1.89050000e-07  1.10015539e+00  1.89050000e-07  1.10015641e+00 
 1.89150000e-07  1.09998876e+00  1.89150000e-07  1.09994174e+00  1.89150000e-07  1.10015483e+00  1.89150000e-07  1.10015633e+00 
 1.89250000e-07  1.09998876e+00  1.89250000e-07  1.09994233e+00  1.89250000e-07  1.10015233e+00  1.89250000e-07  1.10015112e+00 
 1.89350000e-07  1.09998875e+00  1.89350000e-07  1.09994291e+00  1.89350000e-07  1.10014161e+00  1.89350000e-07  1.10014346e+00 
 1.89450000e-07  1.09998875e+00  1.89450000e-07  1.09994346e+00  1.89450000e-07  1.10013016e+00  1.89450000e-07  1.10013059e+00 
 1.89550000e-07  1.09998875e+00  1.89550000e-07  1.09994398e+00  1.89550000e-07  1.10011495e+00  1.89550000e-07  1.10011409e+00 
 1.89650000e-07  1.09998875e+00  1.89650000e-07  1.09994444e+00  1.89650000e-07  1.10009334e+00  1.89650000e-07  1.10009544e+00 
 1.89750000e-07  1.09998874e+00  1.89750000e-07  1.09994486e+00  1.89750000e-07  1.10007287e+00  1.89750000e-07  1.10007214e+00 
 1.89850000e-07  1.09998874e+00  1.89850000e-07  1.09994521e+00  1.89850000e-07  1.10004742e+00  1.89850000e-07  1.10004724e+00 
 1.89950000e-07  1.09998874e+00  1.89950000e-07  1.09994550e+00  1.89950000e-07  1.10001894e+00  1.89950000e-07  1.10002060e+00 
 1.90050000e-07  1.09998874e+00  1.90050000e-07  1.09994571e+00  1.90050000e-07  1.09999249e+00  1.90050000e-07  1.09999088e+00 
 1.90150000e-07  1.09998873e+00  1.90150000e-07  1.09994586e+00  1.90150000e-07  1.09996105e+00  1.90150000e-07  1.09996163e+00 
 1.90250000e-07  1.09998873e+00  1.90250000e-07  1.09994592e+00  1.90250000e-07  1.09993058e+00  1.90250000e-07  1.09993122e+00 
 1.90350000e-07  1.09998873e+00  1.90350000e-07  1.09994591e+00  1.90350000e-07  1.09990199e+00  1.90350000e-07  1.09990004e+00 
 1.90450000e-07  1.09998872e+00  1.90450000e-07  1.09994583e+00  1.90450000e-07  1.09986990e+00  1.90450000e-07  1.09987099e+00 
 1.90550000e-07  1.09998872e+00  1.90550000e-07  1.09994567e+00  1.90550000e-07  1.09984229e+00  1.90550000e-07  1.09984163e+00 
 1.90650000e-07  1.09998872e+00  1.90650000e-07  1.09994545e+00  1.90650000e-07  1.09981571e+00  1.90650000e-07  1.09981403e+00 
 1.90750000e-07  1.09998872e+00  1.90750000e-07  1.09994515e+00  1.90750000e-07  1.09978841e+00  1.90750000e-07  1.09978954e+00 
 1.90850000e-07  1.09998871e+00  1.90850000e-07  1.09994480e+00  1.90850000e-07  1.09976770e+00  1.90850000e-07  1.09976587e+00 
 1.90950000e-07  1.09998871e+00  1.90950000e-07  1.09994440e+00  1.90950000e-07  1.09974709e+00  1.90950000e-07  1.09974613e+00 
 1.91050000e-07  1.09998871e+00  1.91050000e-07  1.09994395e+00  1.91050000e-07  1.09972915e+00  1.91050000e-07  1.09972977e+00 
 1.91150000e-07  1.09998871e+00  1.91150000e-07  1.09994346e+00  1.91150000e-07  1.09971804e+00  1.91150000e-07  1.09971551e+00 
 1.91250000e-07  1.09998870e+00  1.91250000e-07  1.09994295e+00  1.91250000e-07  1.09970659e+00  1.91250000e-07  1.09970650e+00 
 1.91350000e-07  1.09998870e+00  1.91350000e-07  1.09994242e+00  1.91350000e-07  1.09970082e+00  1.91350000e-07  1.09970055e+00 
 1.91450000e-07  1.09998870e+00  1.91450000e-07  1.09994188e+00  1.91450000e-07  1.09970042e+00  1.91450000e-07  1.09969789e+00 
 1.91550000e-07  1.09998869e+00  1.91550000e-07  1.09994134e+00  1.91550000e-07  1.09970004e+00  1.91550000e-07  1.09970065e+00 
 1.91650000e-07  1.09998869e+00  1.91650000e-07  1.09994081e+00  1.91650000e-07  1.09970708e+00  1.91650000e-07  1.09970580e+00 
 1.91750000e-07  1.09998869e+00  1.91750000e-07  1.09994030e+00  1.91750000e-07  1.09971689e+00  1.91750000e-07  1.09971503e+00 
 1.91850000e-07  1.09998869e+00  1.91850000e-07  1.09993982e+00  1.91850000e-07  1.09972781e+00  1.91850000e-07  1.09972870e+00 
 1.91950000e-07  1.09998868e+00  1.91950000e-07  1.09993938e+00  1.91950000e-07  1.09974604e+00  1.91950000e-07  1.09974401e+00 
 1.92050000e-07  1.09998868e+00  1.92050000e-07  1.09993899e+00  1.92050000e-07  1.09976421e+00  1.92050000e-07  1.09976345e+00 
 1.92150000e-07  1.09998868e+00  1.92150000e-07  1.09993864e+00  1.92150000e-07  1.09978485e+00  1.92150000e-07  1.09978552e+00 
 1.92250000e-07  1.09998868e+00  1.92250000e-07  1.09993835e+00  1.92250000e-07  1.09981079e+00  1.92250000e-07  1.09980852e+00 
 1.92350000e-07  1.09998867e+00  1.92350000e-07  1.09993813e+00  1.92350000e-07  1.09983443e+00  1.92350000e-07  1.09983487e+00 
 1.92450000e-07  1.09998867e+00  1.92450000e-07  1.09993797e+00  1.92450000e-07  1.09986156e+00  1.92450000e-07  1.09986161e+00 
 1.92550000e-07  1.09998867e+00  1.92550000e-07  1.09993788e+00  1.92550000e-07  1.09989056e+00  1.92550000e-07  1.09988871e+00 
 1.92650000e-07  1.09998866e+00  1.92650000e-07  1.09993786e+00  1.92650000e-07  1.09991621e+00  1.92650000e-07  1.09991756e+00 
 1.92750000e-07  1.09998866e+00  1.92750000e-07  1.09993791e+00  1.92750000e-07  1.09994541e+00  1.92750000e-07  1.09994472e+00 
 1.92850000e-07  1.09998866e+00  1.92850000e-07  1.09993803e+00  1.92850000e-07  1.09997261e+00  1.92850000e-07  1.09997171e+00 
 1.92950000e-07  1.09998866e+00  1.92950000e-07  1.09993821e+00  1.92950000e-07  1.09999664e+00  1.92950000e-07  1.09999834e+00 
 1.93050000e-07  1.09998865e+00  1.93050000e-07  1.09993846e+00  1.93050000e-07  1.10002302e+00  1.93050000e-07  1.10002177e+00 
 1.93150000e-07  1.09998865e+00  1.93150000e-07  1.09993876e+00  1.93150000e-07  1.10004415e+00  1.93150000e-07  1.10004446e+00 
 1.93250000e-07  1.09998865e+00  1.93250000e-07  1.09993911e+00  1.93250000e-07  1.10006320e+00  1.93250000e-07  1.10006462e+00 
 1.93350000e-07  1.09998865e+00  1.93350000e-07  1.09993952e+00  1.93350000e-07  1.10008232e+00  1.93350000e-07  1.10008092e+00 
 1.93450000e-07  1.09998864e+00  1.93450000e-07  1.09993995e+00  1.93450000e-07  1.10009439e+00  1.93450000e-07  1.10009580e+00 
 1.93550000e-07  1.09998864e+00  1.93550000e-07  1.09994042e+00  1.93550000e-07  1.10010575e+00  1.93550000e-07  1.10010642e+00 
 1.93650000e-07  1.09998864e+00  1.93650000e-07  1.09994091e+00  1.93650000e-07  1.10011439e+00  1.93650000e-07  1.10011336e+00 
 1.93750000e-07  1.09998863e+00  1.93750000e-07  1.09994141e+00  1.93750000e-07  1.10011609e+00  1.93750000e-07  1.10011813e+00 
 1.93850000e-07  1.09998863e+00  1.93850000e-07  1.09994192e+00  1.93850000e-07  1.10011808e+00  1.93850000e-07  1.10011780e+00 
 1.93950000e-07  1.09998863e+00  1.93950000e-07  1.09994242e+00  1.93950000e-07  1.10011487e+00  1.93950000e-07  1.10011460e+00 
 1.94050000e-07  1.09998863e+00  1.94050000e-07  1.09994291e+00  1.94050000e-07  1.10010657e+00  1.94050000e-07  1.10010858e+00 
 1.94150000e-07  1.09998862e+00  1.94150000e-07  1.09994337e+00  1.94150000e-07  1.10009880e+00  1.94150000e-07  1.10009772e+00 
 1.94250000e-07  1.09998862e+00  1.94250000e-07  1.09994381e+00  1.94250000e-07  1.10008448e+00  1.94250000e-07  1.10008511e+00 
 1.94350000e-07  1.09998862e+00  1.94350000e-07  1.09994421e+00  1.94350000e-07  1.10006803e+00  1.94350000e-07  1.10006935e+00 
 1.94450000e-07  1.09998861e+00  1.94450000e-07  1.09994456e+00  1.94450000e-07  1.10005151e+00  1.94450000e-07  1.10005004e+00 
 1.94550000e-07  1.09998861e+00  1.94550000e-07  1.09994487e+00  1.94550000e-07  1.10002879e+00  1.94550000e-07  1.10003012e+00 
 1.94650000e-07  1.09998861e+00  1.94650000e-07  1.09994512e+00  1.94650000e-07  1.10000705e+00  1.94650000e-07  1.10000725e+00 
 1.94750000e-07  1.09998861e+00  1.94750000e-07  1.09994531e+00  1.94750000e-07  1.09998418e+00  1.94750000e-07  1.09998286e+00 
 1.94850000e-07  1.09998860e+00  1.94850000e-07  1.09994544e+00  1.94850000e-07  1.09995717e+00  1.94850000e-07  1.09995874e+00 
 1.94950000e-07  1.09998860e+00  1.94950000e-07  1.09994551e+00  1.94950000e-07  1.09993354e+00  1.94950000e-07  1.09993254e+00 
 1.95050000e-07  1.09998860e+00  1.95050000e-07  1.09994551e+00  1.95050000e-07  1.09990782e+00  1.95050000e-07  1.09990706e+00 
 1.95150000e-07  1.09998860e+00  1.95150000e-07  1.09994545e+00  1.95150000e-07  1.09988123e+00  1.95150000e-07  1.09988245e+00 
 1.95250000e-07  1.09998859e+00  1.95250000e-07  1.09994533e+00  1.95250000e-07  1.09985911e+00  1.95250000e-07  1.09985721e+00 
 1.95350000e-07  1.09998859e+00  1.95350000e-07  1.09994514e+00  1.95350000e-07  1.09983465e+00  1.95350000e-07  1.09983464e+00 
 1.95450000e-07  1.09998859e+00  1.95450000e-07  1.09994491e+00  1.95450000e-07  1.09981292e+00  1.95450000e-07  1.09981328e+00 
 1.95550000e-07  1.09998858e+00  1.95550000e-07  1.09994462e+00  1.95550000e-07  1.09979532e+00  1.95550000e-07  1.09979308e+00 
 1.95650000e-07  1.09998858e+00  1.95650000e-07  1.09994429e+00  1.95650000e-07  1.09977615e+00  1.95650000e-07  1.09977678e+00 
 1.95750000e-07  1.09998858e+00  1.95750000e-07  1.09994392e+00  1.95750000e-07  1.09976265e+00  1.95750000e-07  1.09976189e+00 
 1.95850000e-07  1.09998858e+00  1.95850000e-07  1.09994352e+00  1.95850000e-07  1.09975187e+00  1.95850000e-07  1.09974992e+00 
 1.95950000e-07  1.09998857e+00  1.95950000e-07  1.09994309e+00  1.95950000e-07  1.09974126e+00  1.95950000e-07  1.09974214e+00 
 1.96050000e-07  1.09998857e+00  1.96050000e-07  1.09994265e+00  1.96050000e-07  1.09973774e+00  1.96050000e-07  1.09973597e+00 
 1.96150000e-07  1.09998857e+00  1.96150000e-07  1.09994220e+00  1.96150000e-07  1.09973514e+00  1.96150000e-07  1.09973399e+00 
 1.96250000e-07  1.09998857e+00  1.96250000e-07  1.09994174e+00  1.96250000e-07  1.09973495e+00  1.96250000e-07  1.09973560e+00 
 1.96350000e-07  1.09998856e+00  1.96350000e-07  1.09994130e+00  1.96350000e-07  1.09974141e+00  1.96350000e-07  1.09973906e+00 
 1.96450000e-07  1.09998856e+00  1.96450000e-07  1.09994087e+00  1.96450000e-07  1.09974727e+00  1.96450000e-07  1.09974712e+00 
 1.96550000e-07  1.09998856e+00  1.96550000e-07  1.09994047e+00  1.96550000e-07  1.09975755e+00  1.96550000e-07  1.09975756e+00 
 1.96650000e-07  1.09998855e+00  1.96650000e-07  1.09994009e+00  1.96650000e-07  1.09977235e+00  1.96650000e-07  1.09977006e+00 
 1.96750000e-07  1.09998855e+00  1.96750000e-07  1.09993976e+00  1.96750000e-07  1.09978585e+00  1.96750000e-07  1.09978658e+00 
 1.96850000e-07  1.09998855e+00  1.96850000e-07  1.09993946e+00  1.96850000e-07  1.09980481e+00  1.96850000e-07  1.09980401e+00 
 1.96950000e-07  1.09998855e+00  1.96950000e-07  1.09993922e+00  1.96950000e-07  1.09982513e+00  1.96950000e-07  1.09982353e+00 
 1.97050000e-07  1.09998854e+00  1.97050000e-07  1.09993902e+00  1.97050000e-07  1.09984439e+00  1.97050000e-07  1.09984558e+00 
 1.97150000e-07  1.09998854e+00  1.97150000e-07  1.09993888e+00  1.97150000e-07  1.09986869e+00  1.97150000e-07  1.09986720e+00 
 1.97250000e-07  1.09998854e+00  1.97250000e-07  1.09993880e+00  1.97250000e-07  1.09989109e+00  1.97250000e-07  1.09989059e+00 
 1.97350000e-07  1.09998854e+00  1.97350000e-07  1.09993877e+00  1.97350000e-07  1.09991335e+00  1.97350000e-07  1.09991446e+00 
 1.97450000e-07  1.09998853e+00  1.97450000e-07  1.09993881e+00  1.97450000e-07  1.09993871e+00  1.97450000e-07  1.09993695e+00 
 1.97550000e-07  1.09998853e+00  1.97550000e-07  1.09993890e+00  1.97550000e-07  1.09995976e+00  1.97550000e-07  1.09996043e+00 
 1.97650000e-07  1.09998853e+00  1.97650000e-07  1.09993904e+00  1.97650000e-07  1.09998170e+00  1.97650000e-07  1.09998227e+00 
 1.97750000e-07  1.09998852e+00  1.97750000e-07  1.09993924e+00  1.97750000e-07  1.10000374e+00  1.97750000e-07  1.10000226e+00 
 1.97850000e-07  1.09998852e+00  1.97850000e-07  1.09993949e+00  1.97850000e-07  1.10002049e+00  1.97850000e-07  1.10002204e+00 
 1.97950000e-07  1.09998852e+00  1.97950000e-07  1.09993978e+00  1.97950000e-07  1.10003870e+00  1.97950000e-07  1.10003848e+00 
 1.98050000e-07  1.09998852e+00  1.98050000e-07  1.09994012e+00  1.98050000e-07  1.10005375e+00  1.98050000e-07  1.10005302e+00 
 1.98150000e-07  1.09998851e+00  1.98150000e-07  1.09994048e+00  1.98150000e-07  1.10006408e+00  1.98150000e-07  1.10006595e+00 
 1.98250000e-07  1.09998851e+00  1.98250000e-07  1.09994087e+00  1.98250000e-07  1.10007556e+00  1.98250000e-07  1.10007464e+00 
 1.98350000e-07  1.09998851e+00  1.98350000e-07  1.09994128e+00  1.98350000e-07  1.10008134e+00  1.98350000e-07  1.10008162e+00 
 1.98450000e-07  1.09998850e+00  1.98450000e-07  1.09994170e+00  1.98450000e-07  1.10008413e+00  1.98450000e-07  1.10008568e+00 
 1.98550000e-07  1.09998850e+00  1.98550000e-07  1.09994213e+00  1.98550000e-07  1.10008687e+00  1.98550000e-07  1.10008559e+00 
 1.98650000e-07  1.09998850e+00  1.98650000e-07  1.09994255e+00  1.98650000e-07  1.10008283e+00  1.98650000e-07  1.10008403e+00 
 1.98750000e-07  1.09998850e+00  1.98750000e-07  1.09994296e+00  1.98750000e-07  1.10007800e+00  1.98750000e-07  1.10007872e+00 
 1.98850000e-07  1.09998849e+00  1.98850000e-07  1.09994336e+00  1.98850000e-07  1.10007138e+00  1.98850000e-07  1.10007020e+00 
 1.98950000e-07  1.09998849e+00  1.98950000e-07  1.09994373e+00  1.98950000e-07  1.10005868e+00  1.98950000e-07  1.10006042e+00 
 1.99050000e-07  1.09998849e+00  1.99050000e-07  1.09994407e+00  1.99050000e-07  1.10004711e+00  1.99050000e-07  1.10004679e+00 
 1.99150000e-07  1.09998849e+00  1.99150000e-07  1.09994437e+00  1.99150000e-07  1.10003211e+00  1.99150000e-07  1.10003147e+00 
 1.99250000e-07  1.09998848e+00  1.99250000e-07  1.09994463e+00  1.99250000e-07  1.10001333e+00  1.99250000e-07  1.10001501e+00 
 1.99350000e-07  1.09998848e+00  1.99350000e-07  1.09994485e+00  1.99350000e-07  1.09999672e+00  1.99350000e-07  1.09999547e+00 
 1.99450000e-07  1.09998848e+00  1.99450000e-07  1.09994502e+00  1.99450000e-07  1.09997581e+00  1.99450000e-07  1.09997592e+00 
 1.99550000e-07  1.09998847e+00  1.99550000e-07  1.09994514e+00  1.99550000e-07  1.09995434e+00  1.99550000e-07  1.09995537e+00 
 1.99650000e-07  1.09998847e+00  1.99650000e-07  1.09994520e+00  1.99650000e-07  1.09993502e+00  1.99650000e-07  1.09993326e+00 
 1.99750000e-07  1.09998847e+00  1.99750000e-07  1.09994521e+00  1.99750000e-07  1.09991176e+00  1.99750000e-07  1.09991256e+00 
 1.99850000e-07  1.09998847e+00  1.99850000e-07  1.09994517e+00  1.99850000e-07  1.09989118e+00  1.99850000e-07  1.09989115e+00 
 1.99950000e-07  1.09998846e+00  1.99950000e-07  1.09994507e+00  1.99950000e-07  1.09987185e+00  1.99950000e-07  1.09987013e+00 
 2.00000000e-07  1.09998846e+00  2.00000000e-07  1.09994501e+00  2.00000000e-07  1.09986027e+00  2.00000000e-07  1.09986086e+00 
